"Rank","Player","Team","Bye","POS","ESPN","Sleeper","NFL","RTSports","FFC","AVG"
"1","Christian McCaffrey","SF","9","RB1","1","1","1","1","","1.0"
"2","CeeDee Lamb","DAL","7","WR1","2","3","2","2","","2.6"
"3","Tyreek Hill","MIA","6","WR2","3","2","3","3","","2.8"
"4","Breece Hall","NYJ","12","RB2","5","8","7","5","","5.4"
"5","Bijan Robinson","ATL","12","RB3","4","6","8","4","","5.4"
"6","Amon-Ra St. Brown","DET","5","WR3","6","7","5","6","","6.2"
"7","Ja'Marr Chase","CIN","12","WR4","7","5","4","8","","6.6"
"8","Justin Jefferson","MIN","6","WR5","8","4","6","7","","7.0"
"9","Saquon Barkley","PHI","5","RB4","10","11","10","9","","9.2"
"10","A.J. Brown","PHI","5","WR6","11","9","9","11","","10.2"
"11","Jonathan Taylor","IND","14","RB5","9","13","12","10","","10.4"
"12","Garrett Wilson","NYJ","12","WR7","12","10","13","13","","12.4"
"13","Jahmyr Gibbs","DET","5","RB6","14","12","14","12","","12.8"
"14","Puka Nacua","LAR","6","WR8","13","16","11","15","","14.2"
"15","Kyren Williams","LAR","6","RB7","15","15","17","16","","15.2"
"16","Marvin Harrison Jr.","ARI","11","WR9","20","14","15","17","","17.2"
"17","Travis Etienne Jr.","JAC","12","RB8","18","18","20","14","","17.4"
"18","Derrick Henry","BAL","14","RB9","17","20","16","21","","17.8"
"19","Isiah Pacheco","KC","6","RB10","16","28","19","18","","20.0"
"20","Davante Adams","LV","10","WR10","21","17","18","22","","21.4"
"21","Travis Kelce","KC","6","TE1","22","21","23","34","","24.6"
"22","Josh Allen","BUF","12","QB1","23","22","27","33","","25.2"
"23","Drake London","ATL","12","WR11","32","19","21","23","","25.8"
"24","Chris Olave","NO","12","WR12","19","23","28","26","","25.8"
"25","De'Von Achane","MIA","6","RB11","37","25","30","19","","27.0"
"26","Nico Collins","HOU","14","WR13","29","31","31","25","","28.8"
"27","Patrick Mahomes II","KC","6","QB2","26","30","24","41","","29.2"
"28","Josh Jacobs","GB","10","RB12","38","27","39","20","","30.0"
"29","James Cook","BUF","12","RB13","28","41","40","28","","31.0"
"30","Deebo Samuel Sr.","SF","9","WR14","39","33","29","24","","31.2"
"31","Mike Evans","TB","11","WR15","24","29","25","43","","31.6"
"32","Sam LaPorta","DET","5","TE2","34","24","33","31","","31.6"
"33","Jalen Hurts","PHI","5","QB3","27","35","35","40","","31.8"
"34","Rachaad White","TB","11","RB14","33","38","32","29","","32.4"
"35","Cooper Kupp","LAR","6","WR16","44","39","26","30","","34.2"
"36","Michael Pittman Jr.","IND","14","WR17","25","40","34","27","","34.6"
"37","Brandon Aiyuk","SF","9","WR18","41","26","22","46","","35.2"
"38","Lamar Jackson","BAL","14","QB4","35","34","36","47","","37.4"
"39","Joe Mixon","HOU","14","RB15","30","47","47","37","","37.6"
"40","Alvin Kamara","NO","12","RB16","31","48","49","35","","40.2"
"41","DK Metcalf","SEA","10","WR19","36","43","46","36","","40.6"
"42","Kenneth Walker III","SEA","10","RB17","43","50","42","32","","41.2"
"43","Jaylen Waddle","MIA","6","WR20","49","36","41","38","","41.4"
"44","Stefon Diggs","HOU","14","WR21","40","32","45","42","","41.8"
"45","DJ Moore","CHI","7","WR22","42","37","51","39","","43.0"
"46","DeVonta Smith","PHI","5","WR23","47","49","37","45","","43.6"
"47","Mark Andrews","BAL","14","TE3","45","45","43","52","","46.0"
"48","Trey McBride","ARI","11","TE4","50","46","38","49","","46.8"
"49","C.J. Stroud","HOU","14","QB5","46","42","44","64","","49.0"
"50","Malik Nabers","NYG","11","WR24","48","44","59","44","","50.4"
"51","Dalton Kincaid","BUF","12","TE5","56","51","53","48","","52.6"
"52","James Conner","ARI","11","RB18","66","63","54","53","","56.0"
"53","Amari Cooper","CLE","10","WR25","67","59","48","58","","56.8"
"54","George Kittle","SF","9","TE6","51","53","50","69","","57.0"
"55","Anthony Richardson","IND","14","QB6","52","56","52","61","","57.4"
"56","Aaron Jones","MIN","6","RB19","57","58","69","54","","58.2"
"57","George Pickens","PIT","9","WR26","64","57","62","56","","59.8"
"58","D'Andre Swift","CHI","7","RB20","59","62","75","50","","61.4"
"59","Joe Burrow","CIN","12","QB7","53","61","57","81","","61.6"
"60","Tee Higgins","CIN","12","WR27","60","60","63","63","","61.8"
"61","David Montgomery","DET","5","RB21","68","65","58","65","","62.0"
"62","Zay Flowers","BAL","14","WR28","54","52","71","70","","62.2"
"63","Kyle Pitts","ATL","12","TE7","65","55","56","67","","63.0"
"64","Tank Dell","HOU","14","WR29","63","54","61","77","","64.6"
"65","Evan Engram","JAC","12","TE8","55","67","66","66","","65.0"
"66","Rhamondre Stevenson","NE","14","RB22","58","69","82","51","","65.4"
"67","Zamir White","LV","10","RB23","69","82","77","59","","67.0"
"68","Dak Prescott","DAL","7","QB8","62","71","64","85","","69.4"
"69","Rashee Rice","KC","6","WR30","71","70","86","55","","70.4"
"70","Najee Harris","PIT","9","RB24","75","73","85","60","","70.4"
"71","Kyler Murray","ARI","11","QB9","74","78","55","73","","71.0"
"72","Jordan Love","GB","10","QB10","72","80","72","74","","71.2"
"73","Terry McLaurin","WAS","14","WR31","77","68","80","62","","72.0"
"74","Raheem Mostert","MIA","6","RB25","84","81","60","75","","73.8"
"75","Christian Kirk","JAC","12","WR32","83","66","74","68","","74.6"
"76","Calvin Ridley","TEN","5","WR33","61","83","76","80","","75.2"
"77","Chris Godwin","TB","11","WR34","70","75","84","72","","76.4"
"78","Keenan Allen","CHI","7","WR35","73","64","78","79","","77.2"
"79","Tony Pollard","TEN","5","RB26","86","77","90","76","","80.6"
"80","Jake Ferguson","DAL","7","TE9","79","86","70","88","","81.4"
"81","Javonte Williams","DEN","14","RB27","82","90","108","57","","83.0"
"82","David Njoku","CLE","10","TE10","78","84","83","95","","84.6"
"83","Jayden Reed","GB","10","WR36","89","74","94","89","","85.2"
"84","Diontae Johnson","CAR","11","WR37","80","95","93","84","","89.0"
"85","Xavier Worthy","KC","6","WR38","91","76","100","90","","90.2"
"86","Austin Ekeler","WAS","14","RB28","94","93","92","91","","91.4"
"87","Jaylen Warren","PIT","9","RB29","87","98","99","83","","91.6"
"88","Brian Robinson Jr.","WAS","14","RB30","76","108","123","78","","92.4"
"89","Brock Purdy","SF","9","QB11","85","91","88","116","","93.2"
"90","Devin Singletary","NYG","11","RB31","107","99","106","71","","94.6"
"91","Zack Moss","CIN","12","RB32","112","92","118","82","","96.6"
"92","Jonathon Brooks","CAR","11","RB33","106","97","89","93","","98.0"
"93","Rome Odunze","CHI","7","WR39","101","72","101","109","","99.4"
"94","Nick Chubb","CLE","10","RB34","116","87","115","97","","100.0"
"95","Tyjae Spears","TEN","5","RB35","92","107","109","94","","100.2"
"96","Jaxon Smith-Njigba","SEA","10","WR40","88","100","110","92","","100.4"
"97","Brock Bowers","LV","10","TE11","108","79","117","99","","100.8"
"98","Christian Watson","GB","10","WR41","90","103","134","98","","102.6"
"99","Jayden Daniels","WAS","14","QB12","103","115","104","100","","103.4"
"100","Ladd McConkey","LAC","5","WR42","109","88","105","108","","104.0"
"101","Keon Coleman","BUF","12","WR43","104","94","102","114","","104.4"
"102","DeAndre Hopkins","TEN","5","WR44","115","96","125","96","","106.4"
"103","Justin Tucker","BAL","14","K1","93","127","67","131","","107.4"
"104","Marquise Brown","KC","6","WR45","122","89","96","115","","107.4"
"105","Caleb Williams","CHI","7","QB13","113","101","126","105","","108.6"
"106","Dallas Goedert","PHI","5","TE12","117","102","103","121","","110.4"
"107","Ezekiel Elliott","DAL","7","RB36","102","114","116","103","","111.2"
"108","Jordan Addison","MIN","6","WR46","110","85","114","118","","112.2"
"109","Chase Brown","CIN","12","RB37","118","118","142","87","","112.2"
"110","Brandon Aubrey","DAL","7","K2","96","129","79","125","","112.4"
"111","Gus Edwards","LAC","5","RB38","126","113","113","111","","113.2"
"112","Jerome Ford","CLE","10","RB39","120","122","154","86","","114.2"
"113","Harrison Butker","KC","6","K3","99","128","73","150","","115.2"
"114","Courtland Sutton","DEN","14","WR47","100","116","139","110","","115.2"
"115","Jared Goff","DET","5","QB14","143","109","107","117","","115.6"
"116","San Francisco 49ers","DST","9","DST1","95","143","65","156","","115.8"
"117","Tua Tagovailoa","MIA","6","QB15","124","104","121","124","","116.0"
"118","Brian Thomas Jr.","JAC","12","WR48","119","105","136","112","","118.0"
"119","Jameson Williams","DET","5","WR49","133","111","127","102","","119.0"
"120","Dalton Schultz","HOU","14","TE13","127","106","129","136","","125.2"
"121","Blake Corum","LAR","6","RB40","138","120","149","101","","126.2"
"122","T.J. Hockenson","MIN","6","TE14","123","110","131","130","","126.8"
"123","New York Jets","DST","12","DST2","105","154","133","148","","128.8"
"124","Dallas Cowboys","DST","7","DST3","98","185","111","134","","129.0"
"125","Trevor Lawrence","JAC","12","QB16","142","125","135","129","","129.4"
"126","Baltimore Ravens","DST","14","DST4","97","190","120","144","","129.6"
"127","Trey Benson","ARI","11","RB41","139","112","169","104","","129.6"
"128","Justin Herbert","LAC","5 ","QB17","136","124","128","137","","131.4"
"129","J.K. Dobbins","LAC","5","RB42","125","142","184","106","","132.6"
"130","Khalil Shakir","BUF","12","WR50","160","131","130","120","","133.6"
"131","Cleveland Browns","DST","10","DST5","81","193","98","164","","134.2"
"132","Pat Freiermuth","PIT","9","TE15","135","126","140","135","","134.8"
"133","Chuba Hubbard","CAR","11","RB43","148","140","159","107","","137.0"
"134","Aaron Rodgers","NYJ","12","QB18","111","135","144","154","","137.2"
"135","Tyler Lockett","SEA","10","WR51","130","123","137","151","","138.0"
"136","Cole Kmet","CHI","7","TE16","159","121","145","143","","139.6"
"137","Younghoe Koo","ATL","12","K4","151","132","97","194","","139.8"
"138","Romeo Doubs","GB","10","WR52","171","119","155","119","","141.0"
"139","Curtis Samuel","BUF","12","WR53","153","117","150","128","","142.2"
"140","Kirk Cousins","ATL","12","QB19","134","145","161","142","","143.8"
"141","Jakobi Meyers","LV","10","WR54","128","134","178","139","","144.4"
"142","Jerry Jeudy","CLE","10","WR55","132","136","167","141","","144.4"
"143","Zach Charbonnet","SEA","10","RB44","146","137","165","123","","144.8"
"144","Jake Elliott","PHI","5","K5","114","146","148","175","","147.8"
"145","Ka'imi Fairbairn","HOU","14","K6","131","151","143","160","","148.0"
"146","Mike Williams","NYJ","12","WR56","129","144","156","153","","149.8"
"147","Rico Dowdle","DAL","7","RB45","169","147","209","113","","150.2"
"148","Matthew Stafford","LAR","6","QB20","162","149","138","158","","151.0"
"149","Evan McPherson","CIN","12","K7","137","130","91","238","","153.8"
"150","Joshua Palmer","LAC","5","WR57","170","138","199","126","","153.8"
"151","Tyler Allgeier","ATL","12","RB46","147","160","200","133","","157.4"
"152","Jake Moody","SF","9","K8","152","148","119","187","","159.4"
"153","Pittsburgh Steelers","DST","9","DST6","121","195","151","182","","160.6"
"154","Ty Chandler","MIN","6","RB47","158","159","220","122","","160.8"
"155","Kansas City Chiefs","DST","6","DST7","149","205","124","199","","163.2"
"156","Adam Thielen","CAR","11","WR58","150","163","174","163","","163.8"
"157","Deshaun Watson","CLE","10","QB21","155","168","164","180","","163.8"
"158","Buffalo Bills","DST","12","DST8","186","253","95","162","","165.0"
"159","Baker Mayfield","TB","11","QB22","172","158","163","172","","165.4"
"160","Jaleel McLaughlin","DEN","14","RB48","173","175","212","127","","167.4"
"161","Brandin Cooks","DAL","7","WR59","184","162","171","167","","168.6"
"162","Jaylen Wright","MIA","6","RB49","187","150","223","132","","170.0"
"163","Adonai Mitchell","IND","14","WR60","168","133","196","168","","170.0"
"164","Cameron Dicker","LAC","5","K9","164","152","122","215","","170.6"
"165","Miami Dolphins","DST","6","DST9","140","198","160","193","","171.0"
"166","Gabe Davis","JAC","12","WR61","157","153","192","157","","171.2"
"167","Antonio Gibson","NE","14","RB50","165","171","244","138","","172.4"
"168","Xavier Legette","CAR","11","WR62","174","139","188","178","","176.0"
"169","Luke Musgrave","GB","10","TE17","244","141","168","169","","176.4"
"170","Isaiah Likely","BAL","14","TE18","204","167","170","184","","178.0"
"171","Bo Nix","DEN","14","QB23","180","192","175","181","","180.4"
"172","MarShawn Lloyd","GB","10","RB51","182","178","243","140","","180.8"
"173","Dontayvion Wicks","GB","10","WR63","200","166","198","161","","182.6"
"174","Philadelphia Eagles","DST","5","DST10","181","202","146","228","","182.8"
"175","Darnell Mooney","ATL","12","WR64","144","179","241","170","","183.2"
"176","Rashid Shaheed","NO","12","WR65","161","155","267","166","","184.0"
"177","Tyler Conklin","NYJ","12","TE19","163","180","217","185","","185.6"
"178","Tampa Bay Buccaneers","DST","11","DST11","223","194","132","200","","185.8"
"179","Tyler Bass","BUF","12","K10","202","156","153","239","","186.8"
"180","Houston Texans","DST","14","DST12","189","245","162","189","","187.2"
"181","Ja'Lynn Polk","NE","14","WR66","183","157","235","177","","187.8"
"182","Chicago Bears","DST","7","DST13","177","298","81","225","","191.8"
"183","Will Levis","TEN","5","QB24","194","191","222","174","","194.0"
"184","Geno Smith","SEA","10","QB25","190","200","197","210","","195.6"
"185","Jason Sanders","MIA","6","K11","248","176","166","197","","197.2"
"186","New Orleans Saints","DST","12","DST14","141","258","182","211","","199.0"
"187","Jason Myers","SEA","10","K12","243","209","180","208","","202.0"
"188","DeMario Douglas","NE","14","WR67","167","183","246","209","","202.8"
"189","Detroit Lions","DST","5","DST15","154","254","158","254","","203.2"
"190","Seattle Seahawks","DST","10","DST16","193","210","183","245","","207.6"
"191","Khalil Herbert","CHI","7","RB52","274","208","214","173","","209.2"
"192","Zach Ertz","WAS","14","TE20","224","250","211","216","","218.8"
"193","Derek Carr","NO","12","QB26","218","243","238","237","","223.0"
"194","Los Angeles Chargers","DST","5","DST17","198","318","152","263","","225.0"
"195","Cincinnati Bengals","DST","12","DST18","166","","87","217","","165.0"
"196","Taysom Hill","NO","12","TE21","156","169","193","152","","167.5"
"197","Greg Zuerlein","NYJ","12","K13","145","","141","236","","183.0"
"198","Bucky Irving","TB","11","RB53","","196","261","145","","193.5"
"199","Hunter Henry","NE","14","TE22","","174","207","191","","193.5"
"200","Matt Gay","IND","14","K14","175","","189","206","","194.5"
"201","Braelon Allen","NYJ","12","RB54","","186","262","159","","198.3"
"202","Daniel Carlson","LV","10","K15","196","214","157","234","","200.3"
"203","Atlanta Falcons","DST","12","DST19","195","","187","227","","200.3"
"204","Jordan Mason","SF","9","RB55","205","","288","146","","201.8"
"205","Cairo Santos","CHI","7","K16","179","","185","244","","203.5"
"206","Chigoziem Okonkwo","TEN","5","TE23","188","206","219","202","","203.8"
"207","Ray Davis","BUF","12","RB56","","184","327","147","","208.3"
"208","Las Vegas Raiders","DST","10","DST20","201","255","177","213","","211.5"
"209","Bryce Young","CAR","11","QB27","191","221","225","212","","212.3"
"210","Tyrone Tracy Jr.","NYG","11","RB57","","187","317","165","","216.0"
"211","Justin Fields","PIT","9","QB28","215","197","208","246","","216.5"
"212","Clyde Edwards-Helaire","KC","6","RB58","","220","248","204","","217.5"
"213","Kendre Miller","NO","12","RB59","178","172","309","220","","219.8"
"214","Indianapolis Colts","DST","14","DST21","","306","181","223","","221.5"
"215","Kenneth Gainwell","PHI","5","RB60","","270","247","179","","225.0"
"216","Green Bay Packers","DST","10","DST22","197","309","173","229","","227.0"
"217","Jonnu Smith","MIA","6","TE24","","226","260","218","","228.8"
"218","Mike Gesicki","CIN","12","TE25","246","213","227","248","","233.5"
"219","Sam Darnold","MIN","6","QB29","245","228","266","264","","250.8"
"220","Ja'Tavion Sanders","CAR","11","TE26","265","217","272","257","","252.8"
"221","Jahan Dotson","PHI","5","WR68","","173","172","176","","173.7"
"222","Denver Broncos","DST","14","DST23","206","","112","214","","177.3"
"223","Josh Downs","IND","14","WR69","","164","229","188","","193.7"
"224","Kimani Vidal","LAC","5","RB61","","181","276","149","","202.0"
"225","Michael Wilson","ARI","11","WR70","","211","258","155","","208.0"
"226","Cade Otton","TB","11","TE27","","165","201","258","","208.0"
"227","Ricky Pearsall","SF","9","WR71","","170","202","261","","211.0"
"228","Ben Sinnott","WAS","14","TE28","","161","234","240","","211.7"
"229","Jake Bates","DET","5","K17","185","","232","222","","213.0"
"230","Quentin Johnston","LAC","5","WR72","","182","254","205","","213.7"
"231","Dawson Knox","BUF","12","TE29","211","240","190","","","213.7"
"232","Russell Wilson","PIT","9","QB30","212","239","194","","","215.0"
"233","Will Reichard","MIN","6","K18","192","","224","230","","215.3"
"234","Washington Commanders","DST","14","DST24","233","201","215","","","216.3"
"235","Jermaine Burton","CIN","12","WR73","","199","206","247","","217.3"
"236","Dalvin Cook","DAL","7","RB62","210","","251","195","","218.7"
"237","Dameon Pierce","HOU","14","RB63","","204","221","231","","218.7"
"238","Blake Grupe","NO","12","K19","251","","210","","","222.0"
"239","Drake Maye","NE","14","QB31","222","218","226","","","222.0"
"240","New England Patriots","DST","14","DST25","209","265","195","","","223.0"
"241","Luke McCaffrey","WAS","14","WR74","","207","268","198","","224.3"
"242","Troy Franklin","DEN","14","WR75","","177","273","224","","224.7"
"243","Minnesota Vikings","DST","6","DST26","208","262","204","","","224.7"
"244","Alexander Mattison","LV","10","RB64","","227","264","186","","225.7"
"245","Rashod Bateman","BAL","14","WR76","","203","228","249","","226.7"
"246","Carson Steele","KC","6","RB65","207","","279","201","","229.0"
"247","Justice Hill","BAL","14","RB66","","229","275","203","","235.7"
"248","Jacksonville Jaguars","DST","12","DST27","176","303","230","","","236.3"
"249","Roschon Johnson","CHI","7","RB67","","225","292","192","","236.3"
"250","Tank Bigsby","JAC","12","RB68","","235","289","190","","238.0"
"251","New York Giants","DST","11","DST28","","251","213","250","","238.0"
"252","Tennessee Titans","DST","5","DST29","231","242","249","","","240.7"
"253","Marvin Mims Jr.","DEN","14","WR77","","222","245","267","","244.7"
"254","Wan'Dale Robinson","NYG","11","WR78","","215","269","259","","247.7"
"255","Daniel Jones","NYG","11","QB32","","248","255","242","","248.3"
"256","Los Angeles Rams","DST","6","DST30","213","315","218","","","248.7"
"257","Tyler Boyd","TEN","5","WR79","","231","263","255","","249.7"
"258","Noah Fant","SEA","10","TE30","","212","306","235","","251.0"
"259","Greg Dulcich","DEN","14","TE31","","249","265","253","","255.7"
"260","Jalen Tolbert","DAL","7","WR80","","238","278","252","","256.0"
"261","Gardner Minshew II","LV","10","QB33","260","252","257","","","256.3"
"262","Will Shipley","PHI","5","RB69","","236","303","232","","257.0"
"263","Greg Dortch","ARI","11","WR81","","237","301","233","","257.0"
"264","Jamaal Williams","NO","12","RB70","","311","259","207","","259.0"
"265","Keaton Mitchell","BAL","14","RB71","","246","294","241","","260.3"
"266","Audric Estime","DEN","14","RB72","","223","342","226","","263.7"
"267","Michael Mayer","LV","10","TE32","296","268","231","","","265.0"
"268","Kadarius Toney","","","WR82","230","319","270","","","273.0"
"269","Juwan Johnson","NO","12","TE33","","272","287","265","","274.7"
"270","Cam Akers","HOU","14","RB73","249","","365","221","","278.3"
"271","Samaje Perine","KC","6","RB74","","314","343","196","","284.3"
"272","Arizona Cardinals","DST","11","DST31","225","","147","","","186.0"
"273","Michael Penix Jr.","ATL","12","QB34","318","266","290","","","291.3"
"274","Roman Wilson","PIT","9","WR83","","189","186","","","187.5"
"275","Brenden Rice","LAC","5","WR84","293","259","326","","","292.7"
"276","Chris Boswell","PIT","9","K20","199","","179","","","189.0"
"277","Eric Gray","NYG","11","RB75","","322","340","219","","293.7"
"278","Isaac Guerendo","SF","9","RB76","","261","370","262","","297.7"
"279","Jordan Whittington","LAR","6","WR85","257","","381","256","","298.0"
"280","Malachi Corley","NYJ","12","WR86","","219","176","","","197.5"
"281","Darren Waller","","","TE34","227","","203","","","215.0"
"282","Devontez Walker","BAL","14","WR87","324","267","341","","","310.7"
"283","Trey Sermon","IND","14","RB77","","260","419","260","","313.0"
"284","Odell Beckham Jr.","MIA","6","WR88","","241","205","","","223.0"
"285","Graham Gano","NYG","11","K21","219","","239","","","229.0"
"286","Wil Lutz","DEN","14","K22","214","","250","","","232.0"
"287","Brandon McManus","","","K23","342","295","329","","","322.0"
"288","Cam Little","JAC","12","K24","216","","256","","","236.0"
"289","Kyle Juszczyk","SF","9","RB78","237","","237","","","237.0"
"290","Malik Washington","MIA","6","WR89","348","281","349","","","326.0"
"291","Noah Gray","KC","6","TE35","228","","253","","","240.5"
"292","Chase McLaughlin","TB","11","K25","","","236","251","","243.5"
"293","Miles Sanders","CAR","11","RB79","","","312","183","","247.5"
"294","Tyler Higbee","LAR","6","TE36","362","320","318","","","333.3"
"295","Javon Baker","NE","14","WR90","466","224","316","","","335.3"
"296","JuJu Smith-Schuster","KC","6","WR91","226","","282","","","254.0"
"297","Joshua Karty","LAR","6","K26","","","274","243","","258.5"
"298","Louis Rees-Zammit","JAC","12","RB80","236","","286","","","261.0"
"299","Anders Carlson","","","K27","273","","252","","","262.5"
"300","Tucker Kraft","GB","10","TE37","","257","271","","","264.0"
"301","Justin Watson","KC","6","WR92","240","","291","","","265.5"
"302","Colby Parkinson","LAR","6","TE38","","244","299","","","271.5"
"303","Braxton Berrios","MIA","6","WR93","217","","333","","","275.0"
"304","Demarcus Robinson","LAR","6","WR94","","234","319","","","276.5"
"305","Jalin Hyatt","NYG","11","WR95","","264","296","","","280.0"
"306","Jauan Jennings","SF","9","WR96","253","","308","","","280.5"
"307","Dyami Brown","WAS","14","WR97","","","393","171","","282.0"
"308","Jalen McMillan","TB","11","WR98","","230","334","","","282.0"
"309","Chad Ryland","","","K28","242","","324","","","283.0"
"310","Skyy Moore","KC","6","WR99","254","","313","","","283.5"
"311","Dustin Hopkins","CLE","10","K29","","","68","","","68.0"
"312","Jake Bobo","SEA","10","WR100","264","","310","","","287.0"
"313","Hayden Hurst","LAC","5","TE39","","277","297","","","287.0"
"314","Durham Smythe","MIA","6","TE40","277","","300","","","288.5"
"315","Kenny Pickett","PHI","5","QB35","241","","337","","","289.0"
"316","Darius Slayton","NYG","11","WR101","","279","307","","","293.0"
"317","Aidan O'Connell","LV","10","QB36","","302","284","","","293.0"
"318","Jermar Jefferson","DET","5","RB81","220","","367","","","293.5"
"319","J.J. Taylor","HOU","14","RB82","221","","366","","","293.5"
"320","Greg Joseph","","","K30","284","","305","","","294.5"
"321","Tre Tucker","LV","10","WR102","","304","285","","","294.5"
"322","Deuce Vaughn","DAL","7","RB83","","299","293","","","296.0"
"323","A.T. Perry","NO","12","WR103","470","287","339","","","365.3"
"324","Elijah Moore","CLE","10","WR104","","278","322","","","300.0"
"325","D'Onta Foreman","CLE","10","RB84","","269","332","","","300.5"
"326","Andrei Iosivas","CIN","12","WR105","","","338","266","","302.0"
"327","Darnell Washington","PIT","9","TE41","280","","325","","","302.5"
"328","Allen Lazard","NYJ","12","WR106","314","","295","","","304.5"
"329","Zay Jones","ARI","11","WR107","","263","352","","","307.5"
"330","Joshua Dobbs","SF","9","QB37","232","","384","","","308.0"
"331","Cade Stover","HOU","14","TE42","288","","328","","","308.0"
"332","Carson Wentz","KC","6","QB38","262","","359","","","310.5"
"333","Mecole Hardman Jr.","KC","6","WR108","271","","353","","","312.0"
"334","Joey Slye","NE","14","K31","270","","355","","","312.5"
"335","Donovan Peoples-Jones","DET","5","WR109","290","","335","","","312.5"
"336","Cade York","WAS","14","K32","255","","371","","","313.0"
"337","Joe Flacco","IND","14","QB39","279","","350","","","314.5"
"338","K.J. Osborn","NE","14","WR110","","308","321","","","314.5"
"339","Theo Johnson","NYG","11","TE43","","233","403","","","318.0"
"340","Connor Heyward","PIT","9","TE44","278","","358","","","318.0"
"341","Luke Schoonmaker","DAL","7","TE45","247","","397","","","322.0"
"342","Equanimeous St. Brown","NO","12","WR111","266","","387","","","326.5"
"343","Daniel Bellinger","NYG","11","TE46","","282","372","","","327.0"
"344","Brock Wright","DET","5","TE47","235","","420","","","327.5"
"345","Dylan Laube","LV","10","RB85","","256","401","","","328.5"
"346","Hendon Hooker","DET","5","QB40","259","","398","","","328.5"
"347","DeWayne McBride","","","RB86","281","","377","","","329.0"
"348","Jimmy Garoppolo","LAR","6","QB41","258","","405","","","331.5"
"349","Zach Wilson","DEN","14","QB42","272","","392","","","332.0"
"350","Josh Reynolds","DEN","14","WR112","","326","344","","","335.0"
"351","Kendrick Bourne","NE","14","WR113","","285","386","","","335.5"
"352","Brevin Jordan","HOU","14","TE48","326","","346","","","336.0"
"353","Trey Lance","DAL","7","QB43","311","","368","","","339.5"
"354","KaVontae Turpin","DAL","7","WR114","369","","315","","","342.0"
"355","D.J. Montgomery","IND","14","WR115","302","","389","","","345.5"
"356","Tyler Scott","CHI","7","WR116","303","","396","","","349.5"
"357","Ainias Smith","PHI","5","WR117","317","","382","","","349.5"
"358","Rasheen Ali","BAL","14","RB87","435","293","473","","","400.3"
"359","Josh Oliver","MIN","6","TE49","287","","415","","","351.0"
"360","Tom Brady","","","QB44","203","","","","","203.0"
"361","Tommy DeVito","NYG","11","QB45","276","","428","","","352.0"
"362","Jared Wiley","KC","6","TE50","329","","380","","","354.5"
"363","Riley Patterson","","","K33","344","","369","","","356.5"
"364","Brett Maher","","","K34","365","","351","","","358.0"
"365","Matt Prater","ARI","11","K35","","","216","","","216.0"
"366","Elijah Higgins","ARI","11","TE51","301","","425","","","363.0"
"367","John Metchie III","HOU","14","WR118","334","","394","","","364.0"
"368","Chris Naggar","","","K36","229","","","","","229.0"
"369","Julio Jones","","","WR119","295","","437","","","366.0"
"370","David Moore","CAR","11","WR120","294","","441","","","367.5"
"371","Ramiz Ahmed","","","K37","234","","636","","","435.0"
"372","Mason Crosby","","","K38","238","","","","","238.0"
"373","Nick Folk","TEN","5","K39","","","240","","","240.0"
"374","DJ Chark Jr.","LAC","5","WR121","","247","494","","","370.5"
"375","Joe Milton III","NE","14","QB46","310","","433","","","371.5"
"376","Jonathan Mingo","CAR","11","WR122","","325","423","","","374.0"
"377","Cooper Rush","DAL","7","QB47","340","","408","","","374.0"
"378","Spencer Rattler","NO","12","QB48","315","","434","","","374.5"
"379","Brandon Powell","MIN","6","WR123","339","","412","","","375.5"
"380","Mo Alie-Cox","IND","14","TE52","366","","385","","","375.5"
"381","Trace McSorley","","","QB49","250","","606","","","428.0"
"382","Tanner Brown","","","K40","252","","553","","","402.5"
"383","Julian Hill","MIA","6","TE53","325","","431","","","378.0"
"384","SaRodorick Thompson Jr.","","","RB88","256","","883","","","569.5"
"385","Mac Jones","JAC","12","QB50","307","","453","","","380.0"
"386","Davis Allen","LAR","6","TE54","385","","376","","","380.5"
"387","Jacob Saylors","","","RB89","261","","","","","261.0"
"388","Tyson Bagent","CHI","7","QB51","298","","465","","","381.5"
"389","Nathan Rourke","","","QB52","263","","742","","","502.5"
"390","Robert Woods","HOU","14","WR124","363","","404","","","383.5"
"391","Christopher Dunn","","","K41","267","","","","","267.0"
"392","Lucas Havrisik","","","K42","268","","545","","","406.5"
"393","Rodrigo Blankenship","","","K43","269","","","","","269.0"
"394","Trenton Irwin","CIN","12","WR125","355","","416","","","385.5"
"395","Ethan Fernea","","","WR126","476","297","855","","","542.7"
"396","Ty","","'Son Williams","","","RB90","","273","","","","273.0"
"397","Anthony Jones","","","RB91","","274","","","","274.0"
"398","Bo Melton","GB","10","WR127","319","","456","","","387.5"
"399","Jaren Hall","","","QB53","275","","744","","","509.5"
"400","K.J. Costello","","","QB54","","276","","","","276.0"
"401","Carolina Panthers","DST","11","DST32","","","277","","","277.0"
"402","Johnny Wilson","PHI","5","WR128","343","","435","","","389.0"
"403","Cordarrelle Patterson","PIT","9","RB92","","","280","","","280.0"
"404","Charlie Taumoepeau","","","TE55","","280","","","","280.0"
"405","Gerald Everett","CHI","7","TE56","","","281","","","281.0"
"406","Max Duggan","","","QB55","282","","865","","","573.5"
"407","Tanner Hudson","CIN","12","TE57","423","","361","","","392.0"
"408","Anthony Brown Jr.","","","QB56","283","","538","","","410.5"
"409","Anthony McFarland Jr.","","","RB93","","283","831","","","557.0"
"410","Dylan McDuffie","","","RB94","","284","","","","284.0"
"411","Josh Pederson","","","TE58","285","","","","","285.0"
"412","Matt Ryan","","","QB57","286","","","","","286.0"
"413","C.J. Ham","MIN","6","RB95","305","","482","","","393.5"
"414","Andy Dalton","CAR","11","QB58","352","","436","","","394.0"
"415","MyCole Pruitt","PIT","9","TE59","","288","567","","","427.5"
"416","Derius Davis","LAC","5","WR129","289","","749","","","519.0"
"417","Jon Hilliman","","","RB96","","290","","","","290.0"
"418","Josh Lambo","","","K44","291","","","","","291.0"
"419","Jazz Ferguson","","","WR130","","291","","","","291.0"
"420","Jalen Virgil","BUF","12","WR131","","292","","","","292.0"
"421","Adam Trautman","DEN","14","TE60","292","","511","","","401.5"
"422","Alec Pierce","IND","14","WR132","447","","347","","","397.0"
"423","Jhamon Ausbon","","","WR133","","294","","","","294.0"
"424","James White","","","RB97","","296","","","","296.0"
"425","Jalen Brooks","DAL","7","WR134","297","","548","","","422.5"
"426","Eddy Pineiro","CAR","11","K45","","","298","","","298.0"
"427","Derek Watt","","","RB98","299","","","","","299.0"
"428","Matt Barkley","","","QB59","300","","","","","300.0"
"429","Eric Tomlinson","LAC","5","TE61","","300","575","","","437.5"
"430","J.D. McKissic","","","RB99","","301","","","","301.0"
"431","Van Jefferson","PIT","9","WR135","","","302","","","302.0"
"432","Ronnie Bell","SF","9","WR136","378","","426","","","402.0"
"433","Kalif Raymond","DET","5","WR137","","","304","","","304.0"
"434","Armani Rogers","","","TE62","304","","709","","","506.5"
"435","Corey Clement","","","RB100","","305","","","","305.0"
"436","Nick Foles","","","QB60","306","","","","","306.0"
"437","Patrick Ricard","BAL","14","RB101","320","","487","","","403.5"
"438","Austin Hooper","NE","14","TE63","368","","439","","","403.5"
"439","Kyle Allen","PIT","9","QB61","396","","411","","","403.5"
"440","Lucky Jackson","MIN","6","WR138","337","","471","","","404.0"
"441","Matthew Wright","","","K46","444","","364","","","404.0"
"442","Grant Calcaterra","PHI","5","TE64","308","","533","","","420.5"
"443","Byron Pringle","WAS","14","WR139","309","","798","","","553.5"
"444","Peter LeBlanc","","","WR140","","310","","","","310.0"
"445","Michael Gallup","","","WR141","","","311","","","311.0"
"446","Eli Stove","","","WR142","","312","","","","312.0"
"447","Jeff Wilson Jr.","MIA","6","RB102","468","","345","","","406.5"
"448","Tommy Tremble","CAR","11","TE65","364","","449","","","406.5"
"449","Irv Smith Jr.","","","TE66","312","","502","","","407.0"
"450","Caleb Huntley","","","RB103","","313","","","","313.0"
"451","Nick Sciba","","","K47","313","","","","","313.0"
"452","Calvin Austin III","PIT","9","WR143","","","314","","","314.0"
"453","Clayton Thorson","","","QB62","","316","","","","316.0"
"454","Binjimen Victor","","","WR144","316","","","","","316.0"
"455","Deneric Prince","MIA","6","RB104","441","","379","","","410.0"
"456","Tim Patrick","DET","5","WR145","","","320","","","320.0"
"457","Leonard Fournette","","","RB105","321","","","","","321.0"
"458","Cole McDonald","","","QB63","","321","","","","321.0"
"459","Peyton Hendershot","KC","6","TE67","401","","422","","","411.5"
"460","Jashaun Corbin","","","RB106","322","","858","","","590.0"
"461","Patrick Taylor Jr.","SF","9","RB107","323","","508","","","415.5"
"462","Malcolm Brown","","","RB108","","324","","","","324.0"
"463","AJ Barner","SEA","10","TE68","438","","390","","","414.0"
"464","Britain Covey","PHI","5","WR146","327","","534","","","430.5"
"465","Tylan Wallace","BAL","14","WR147","328","","516","","","422.0"
"466","Parris Campbell","PHI","5","WR148","417","","413","","","415.0"
"467","Nelson Agholor","BAL","14","WR149","","","330","","","330.0"
"468","Pharaoh Brown","SEA","10","TE69","389","","442","","","415.5"
"469","Jacoby Brissett","NE","14","QB64","","","331","","","331.0"
"470","Sione Vaki","DET","5","RB109","331","","781","","","556.0"
"471","Israel Abanikanda","NYJ","12","RB110","434","","399","","","416.5"
"472","Drew Sample","CIN","12","TE70","332","","619","","","475.5"
"473","Michael Wiley","WAS","14","RB111","333","","","","","333.0"
"474","Skylar Thompson","MIA","6","QB65","335","","702","","","518.5"
"475","Treylon Burks","TEN","5","WR150","","","336","","","336.0"
"476","Velus Jones Jr.","CHI","7","WR151","336","","524","","","430.0"
"477","Jha'Quan Jackson","TEN","5","WR152","338","","897","","","617.5"
"478","Carson Strong","","","QB66","341","","","","","341.0"
"479","Keaontay Ingram","KC","6","RB112","495","","348","","","421.5"
"480","Noah Brown","WAS","14","WR153","439","","406","","","422.5"
"481","Ben DiNucci","","","QB67","345","","638","","","491.5"
"482","Stanley Berryhill","III","","WR154","346","","","","","346.0"
"483","Jalen Nailor","MIN","6","WR155","347","","529","","","438.0"
"484","Charlie Jones","CIN","12","WR156","349","","546","","","447.5"
"485","Travis Homer","CHI","7","RB113","350","","615","","","482.5"
"486","Stetson Bennett","LAR","6","QB68","351","","552","","","451.5"
"487","Albert Okwuegbunam Jr.","PHI","5","TE71","353","","641","","","497.0"
"488","Robbie Gould","","","K48","354","","","","","354.0"
"489","Craig Reynolds","DET","5","RB114","","","354","","","354.0"
"490","Tutu Atwell","LAR","6","WR157","","","356","","","356.0"
"491","Marcedes Lewis","CHI","7","TE72","382","","475","","","428.5"
"492","Jake Funk","","","RB115","356","","517","","","436.5"
"493","Shane Zylstra","DET","5","TE73","","","357","","","357.0"
"494","Dante Pettis","CHI","7","WR158","357","","593","","","475.0"
"495","Jordan Travis","NYJ","12","QB69","358","","787","","","572.5"
"496","Curtis Hodges","","","TE74","359","","","","","359.0"
"497","DeeJay Dallas","ARI","11","RB116","360","","513","","","436.5"
"498","Raheem Blackshear","CAR","11","RB117","361","","734","","","547.5"
"499","Ty Johnson","BUF","12","RB118","","","362","","","362.0"
"500","Frank Gore Jr.","BUF","12","RB119","","","363","","","363.0"
"501","Brandon Allen","SF","9","QB70","383","","481","","","432.0"
"502","Sean Clifford","GB","10","QB71","367","","549","","","458.0"
"503","Chris Conley","SF","9","WR159","390","","479","","","434.5"
"504","Malik Heath","GB","10","WR160","402","","467","","","434.5"
"505","Roger Carter Jr.","","","TE75","370","","","","","370.0"
"506","Teddy Bridgewater","","","QB72","371","","","","","371.0"
"507","Alec Ingold","MIA","6","RB120","372","","","","","372.0"
"508","Kevin Harris","NE","14","RB121","478","","395","","","436.5"
"509","Mohamed Ibrahim","","","RB122","373","","","","","373.0"
"510","Sam Howell","SEA","10","QB73","","","373","","","373.0"
"511","Jake Browning","CIN","12","QB74","460","","414","","","437.0"
"512","Lil'Jordan Humphrey","DEN","14","WR161","374","","","","","374.0"
"513","Justyn Ross","KC","6","WR162","","","374","","","374.0"
"514","Will Mallory","IND","14","TE76","","","375","","","375.0"
"515","Caleb Shudak","","","K49","375","","","","","375.0"
"516","Ryan Flournoy","DAL","7","WR163","376","","779","","","577.5"
"517","Devaughn Vele","DEN","14","WR164","377","","780","","","578.5"
"518","Trey Palmer","TB","11","WR165","","","378","","","378.0"
"519","Kene Nwangwu","","","RB123","427","","452","","","439.5"
"520","Mack Hollins","BUF","12","WR166","440","","440","","","440.0"
"521","Samori Toure","CHI","7","WR167","379","","691","","","535.0"
"522","Michael Pratt","TB","11","QB75","380","","782","","","581.0"
"523","Dante Miller","NYG","11","RB124","381","","785","","","583.0"
"524","Ameer Abdullah","LV","10","RB125","","","383","","","383.0"
"525","Ryan Succop","","","K50","384","","","","","384.0"
"526","Marquez Valdes-Scantling","BUF","12","WR168","395","","491","","","443.0"
"527","Bryce Perkins","","","QB76","386","","","","","386.0"
"528","Jaheim Bell","NE","14","TE77","455","","432","","","443.5"
"529","Bailey Zappe","KC","6","QB77","387","","531","","","459.0"
"530","Kareem Hunt","","","RB126","388","","","","","388.0"
"531","Jarrett Stidham","DEN","14","QB78","","","388","","","388.0"
"532","Chase Allen","","","TE78","391","","","","","391.0"
"533","Mitchell Trubisky","BUF","12","QB79","410","","483","","","446.5"
"534","James Proche II","CLE","10","WR169","393","","634","","","513.5"
"535","Trishton Jackson","MIN","6","WR170","394","","510","","","452.0"
"536","Robbie Chosen","MIA","6","WR171","397","","578","","","487.5"
"537","Gunner Olszewski","NYG","11","WR172","398","","631","","","514.5"
"538","Xavier Hutchinson","HOU","14","WR173","399","","741","","","570.0"
"539","Michael Thomas","","","WR174","400","","","","","400.0"
"540","Kenny McIntosh","SEA","10","RB127","","","400","","","400.0"
"541","Charlie Smyth","NO","12","K51","","","402","","","402.0"
"542","Scotty Washington","","","WR175","403","","820","","","611.5"
"543","Jonathan Garibay","","","K52","404","","","","","404.0"
"544","Boston Scott","PIT","9","RB128","409","","496","","","452.5"
"545","DeAndre Carter","CHI","7","WR176","405","","790","","","597.5"
"546","Trent Taylor","SF","9","WR177","406","","583","","","494.5"
"547","Johnny Mundt","MIN","6","TE79","","","407","","","407.0"
"548","Austin Seibert","","","K53","407","","620","","","513.5"
"549","Khari Blasingame","CHI","7","RB129","408","","809","","","608.5"
"550","Dare Ogunbowale","HOU","14","RB130","","","409","","","409.0"
"551","Ray-Ray McCloud III","ATL","12","WR178","","","410","","","410.0"
"552","Tre'Quan Smith","DET","5","WR179","411","","799","","","605.0"
"553","River Cracraft","MIA","6","WR180","412","","589","","","500.5"
"554","Hunter Renfrow","","","WR181","413","","","","","413.0"
"555","Allen Robinson II","DET","5","WR182","414","","563","","","488.5"
"556","Kellen Mond","","","QB80","415","","848","","","631.5"
"557","Justin Jackson","","","RB131","416","","","","","416.0"
"558","Kylen Granson","IND","14","TE80","","","417","","","417.0"
"559","Cornelius Johnson","LAC","5","WR183","418","","","","","418.0"
"560","Tom Kennedy","DET","5","WR184","419","","818","","","618.5"
"561","A.J. Green","","","WR185","420","","","","","420.0"
"562","James Turner","","","K54","","","421","","","421.0"
"563","Parker Washington","JAC","12","WR186","498","","424","","","461.0"
"564","Drew Ogletree","IND","14","TE81","421","","696","","","558.5"
"565","Devin Leary","BAL","14","QB81","422","","896","","","659.0"
"566","Hunter Long","LAR","6","TE82","424","","672","","","548.0"
"567","Jerick McKinnon","","","RB132","425","","","","","425.0"
"568","Malik Willis","GB","10","QB82","426","","694","","","560.0"
"569","Colson Yankoff","WAS","14","TE83","","","427","","","427.0"
"570","D","","'Vonte Price","","","RB133","428","","","","","428.0"
"571","Emanuel Wilson","GB","10","RB134","","","429","","","429.0"
"572","Deonte Harty","BAL","14","WR187","429","","628","","","528.5"
"573","Emari Demercado","ARI","11","RB135","","","430","","","430.0"
"574","Jeremy Ruckert","NYJ","12","TE84","430","","532","","","481.0"
"575","Josh Johnson","BAL","14","QB83","431","","560","","","495.5"
"576","Snoop Conner","","","RB136","432","","697","","","564.5"
"577","James McCourt","","","K55","433","","","","","433.0"
"578","Ryan Tannehill","","","QB84","461","","476","","","468.5"
"579","Case Keenum","HOU","14","QB85","436","","562","","","499.0"
"580","Benny Snell Jr.","","","RB137","437","","","","","437.0"
"581","Jameis Winston","CLE","10","QB86","","","438","","","438.0"
"582","Jalen Wydermyer","","","TE85","442","","","","","442.0"
"583","Cole Fotheringham","HOU","14","TE86","443","","","","","443.0"
"584","Drew Lock","NYG","11","QB87","","","444","","","444.0"
"585","Donald Parham Jr.","DEN","14","TE87","","","445","","","445.0"
"586","Brenton Strange","JAC","12","TE88","445","","551","","","498.0"
"587","KJ Hamler","BUF","12","WR188","","","446","","","446.0"
"588","Quez Watkins","PIT","9","WR189","","","447","","","447.0"
"589","Nick Westbrook-Ikhine","TEN","5","WR190","","","448","","","448.0"
"590","Scotty Miller","PIT","9","WR191","448","","624","","","536.0"
"591","Jamari Thrash","CLE","10","WR192","449","","559","","","504.0"
"592","Lucas Krull","DEN","14","TE89","450","","543","","","496.5"
"593","Dez Fitzpatrick","","","WR193","","","451","","","451.0"
"594","Charlie Woerner","ATL","12","TE90","451","","652","","","551.5"
"595","Mark Ingram","II","","RB138","452","","","","","452.0"
"596","Tyquan Thornton","NE","14","WR194","453","","703","","","578.0"
"597","Michael Carter","ARI","11","RB139","","","454","","","454.0"
"598","Zach Pascal","ARI","11","WR195","454","","585","","","519.5"
"599","David Bell","CLE","10","WR196","","","455","","","455.0"
"600","Darrynton Evans","BUF","12","RB140","456","","822","","","639.0"
"601","Jimmy Graham","","","TE91","457","","","","","457.0"
"602","Malik Davis","DAL","7","RB141","","","457","","","457.0"
"603","Brayden Narveson","GB","10","K56","","","458","","","458.0"
"604","Jacob Cowing","SF","9","WR197","458","","528","","","493.0"
"605","Melvin Gordon","III","","RB142","459","","","","","459.0"
"606","Samson Nacua","","","WR198","","","459","","","459.0"
"607","Ronnie Rivers","LAR","6","RB143","","","460","","","460.0"
"608","Cedric Tillman","CLE","10","WR199","","","461","","","461.0"
"609","Zach Evans","","","RB144","","","462","","","462.0"
"610","Tejhaun Palmer","ARI","11","WR200","462","","","","","462.0"
"611","Joe Reed","","","WR201","463","","","","","463.0"
"612","Chris Rodriguez Jr.","WAS","14","RB145","","","463","","","463.0"
"613","Owen Wright","BAL","14","RB146","","","464","","","464.0"
"614","Charlie Kolar","BAL","14","TE92","464","","687","","","575.5"
"615","Jake Tonges","SF","9","TE93","465","","689","","","577.0"
"616","Duece Watts","","","WR202","","","466","","","466.0"
"617","Russell Gage","","","WR203","467","","600","","","533.5"
"618","Xavier Gipson","NYJ","12","WR204","","","468","","","468.0"
"619","Chris Brooks","","","RB147","","","469","","","469.0"
"620","Isaiah Williams","DET","5","WR205","469","","699","","","584.0"
"621","Sean Tucker","TB","11","RB148","","","470","","","470.0"
"622","Brandon Bolden","","","RB149","471","","561","","","516.0"
"623","Jase McClellan","ATL","12","RB150","","","472","","","472.0"
"624","Kayshon Boutte","NE","14","WR206","472","","745","","","608.5"
"625","Matt Ammendola","","","K57","473","","","","","473.0"
"626","Tyrod Taylor","NYJ","12","QB88","","","474","","","474.0"
"627","Steven Sims Jr.","HOU","14","WR207","474","","814","","","644.0"
"628","DeVante Parker","","","WR208","","","477","","","477.0"
"629","Myles Gaskin","MIN","6","RB151","477","","604","","","540.5"
"630","C.J. Uzomah","","","TE94","","","478","","","478.0"
"631","Hunter Luepke","DAL","7","RB152","479","","759","","","619.0"
"632","Sterling Shepard","TB","11","WR209","","","480","","","480.0"
"633","Martavis Bryant","","","WR210","480","","564","","","522.0"
"634","Laquon Treadwell","IND","14","WR211","481","","","","","481.0"
"635","Luke Farrell","JAC","12","TE95","482","","668","","","575.0"
"636","Matt Bushman","","","TE96","483","","","","","483.0"
"637","Isaiah McKenzie","NYG","11","WR212","","","484","","","484.0"
"638","Eric Saubert","SF","9","TE97","484","","581","","","532.5"
"639","P.J. Walker","","","QB89","","","485","","","485.0"
"640","John Bates","WAS","14","TE98","485","","521","","","503.0"
"641","Matt Breida","","","RB153","","","486","","","486.0"
"642","Kwamie Lassiter","II","","WR213","486","","","","","486.0"
"643","Davis Mills","HOU","14","QB90","487","","666","","","576.5"
"644","Damien Harris","","","RB154","488","","","","","488.0"
"645","Devin Culp","TB","11","TE99","","","488","","","488.0"
"646","Royce Freeman","","","RB155","","","489","","","489.0"
"647","Desmond Ridder","ARI","11","QB91","489","","685","","","587.0"
"648","Nyheim Hines","CLE","10","RB156","","","490","","","490.0"
"649","Xavier Weaver","ARI","11","WR214","490","","712","","","601.0"
"650","Randy Bullock","","","K58","491","","","","","491.0"
"651","Cedrick Wilson Jr.","NO","12","WR215","","","492","","","492.0"
"652","Michael Burton","DEN","14","RB157","492","","572","","","532.0"
"653","Jordan Akins","CLE","10","TE100","","","493","","","493.0"
"654","Blake Watson","DEN","14","RB158","493","","612","","","552.5"
"655","Joshua Kelley","","","RB159","494","","832","","","663.0"
"656","Will Dissly","LAC","5","TE101","","","495","","","495.0"
"657","Ronald Jones","II","","RB160","496","","","","","496.0"
"658","Trent Sherfield Sr.","MIN","6","WR216","","","497","","","497.0"
"659","Nsimba Webster","CHI","7","WR217","497","","817","","","657.0"
"660","Foster Moreau","NO","12","TE102","","","498","","","498.0"
"661","Harrison Mevis","","","K59","","","499","","","499.0"
"662","Mike White","BUF","12","QB92","499","","598","","","548.5"
"663","Rex Burkhead","","","RB161","500","","","","","500.0"
"664","Trayveon Williams","CIN","12","RB162","","","500","","","500.0"
"665","Terique Owens","","","WR218","","","501","","","501.0"
"666","Olamide Zaccheaus","WAS","14","WR219","","","503","","","503.0"
"667","Devin Duvernay","JAC","12","WR220","","","505","","","505.0"
"668","Isaiah Hodgins","NYG","11","WR221","","","506","","","506.0"
"669","Harrison Bryant","LV","10","TE103","","","507","","","507.0"
"670","Laviska Shenault Jr.","SEA","10","WR222","","","509","","","509.0"
"671","Salvon Ahmed","","","RB163","","","512","","","512.0"
"672","Reggie Gilliam","BUF","12","RB164","","","514","","","514.0"
"673","Kenny Yeboah","NYJ","12","TE104","","","515","","","515.0"
"674","Ian Book","","","QB93","","","518","","","518.0"
"675","Tre","","' McKitty","","","TE105","","","519","","","519.0"
"676","Dee Eskridge","MIA","6","WR223","","","520","","","520.0"
"677","John FitzPatrick","ATL","12","TE106","","","523","","","523.0"
"678","Montrell Washington","KC","6","WR224","","","525","","","525.0"
"679","James Mitchell","DET","5","TE107","","","526","","","526.0"
"680","Tyler Goodson","IND","14","RB165","","","527","","","527.0"
"681","Pierre Strong Jr.","CLE","10","RB166","","","530","","","530.0"
"682","Chris Oladokun","","","QB94","","","535","","","535.0"
"683","Danny Gray","","","WR225","","","536","","","536.0"
"684","Dareke Young","SEA","10","WR226","","","537","","","537.0"
"685","Spencer Shrader","IND","14","K60","","","539","","","539.0"
"686","Brandon Johnson","PIT","9","WR227","","","540","","","540.0"
"687","Tyreik McAllister","LV","10","RB167","","","541","","","541.0"
"688","Isaiah Wooden","","","WR228","","","542","","","542.0"
"689","John Parker Romo","","","K61","","","544","","","544.0"
"690","Dorian Thompson-Robinson","CLE","10","QB95","","","547","","","547.0"
"691","Josh Whyle","TEN","5","TE108","","","550","","","550.0"
"692","Cameron Latu","CLE","10","TE109","","","554","","","554.0"
"693","E.J. Jenkins","PHI","5","TE110","","","555","","","555.0"
"694","Hassan Hall","","","RB168","","","556","","","556.0"
"695","Princeton Fant","DAL","7","TE111","","","557","","","557.0"
"696","Tre","","'Shaun Harrison","","","WR229","","","558","","","558.0"
"697","Logan Thomas","","","TE112","","","565","","","565.0"
"698","Willie Snead","IV","","WR230","","","566","","","566.0"
"699","Jamison Crowder","WAS","14","WR231","","","568","","","568.0"
"700","Phillip Dorsett","II","","WR232","","","569","","","569.0"
"701","Marcus Mariota","WAS","14","QB96","","","570","","","570.0"
"702","Chris Manhertz","NYG","11","TE113","","","571","","","571.0"
"703","Dayton Wade","BAL","14","WR233","","","573","","","573.0"
"704","Taylor Heinicke","LAC","5","QB97","","","574","","","574.0"
"705","Chris Moore","ARI","11","WR234","","","576","","","576.0"
"706","Jeff Driskel","WAS","14","QB98","","","577","","","577.0"
"707","C.J. Beathard","","","QB99","","","579","","","579.0"
"708","John Ross","","","WR235","","","580","","","580.0"
"709","Nathan Peterman","","","QB100","","","582","","","582.0"
"710","Tarik Cohen","","","RB169","","","584","","","584.0"
"711","Anthony Firkser","NYJ","12","TE114","","","586","","","586.0"
"712","Nick Mullens","MIN","6","QB101","","","587","","","587.0"
"713","Robert Tonyan","MIN","6","TE115","","","588","","","588.0"
"714","Daurice Fountain","","","WR236","","","590","","","590.0"
"715","Godwin Igwebuike","","","RB170","","","592","","","592.0"
"716","Mason Rudolph","TEN","5","QB102","","","594","","","594.0"
"717","Ian Thomas","CAR","11","TE116","","","595","","","595.0"
"718","James Washington","","","WR237","","","596","","","596.0"
"719","David Wells","","","TE117","","","597","","","597.0"
"720","Logan Woodside","CIN","12","QB103","","","599","","","599.0"
"721","Mike Boone","CAR","11","RB171","","","601","","","601.0"
"722","KhaDarel Hodge","ATL","12","WR238","","","602","","","602.0"
"723","John Wolford","","","QB104","","","603","","","603.0"
"724","Emani Bailey","","","RB172","","","605","","","605.0"
"725","Jack Westover","","","TE118","","","607","","","607.0"
"726","Tyree Jackson","","","TE119","","","608","","","608.0"
"727","Stanley Morgan Jr.","","","WR239","","","609","","","609.0"
"728","Andrew Beck","GB","10","TE120","","","610","","","610.0"
"729","Miles Boykin","NYG","11","WR240","","","611","","","611.0"
"730","Zach Gentry","","","TE121","","","613","","","613.0"
"731","N'Keal Harry","MIN","6","WR241","","","614","","","614.0"
"732","David Martin-Robinson","TEN","5","TE122","","","616","","","616.0"
"733","Trey Knox","MIN","6","TE123","","","617","","","617.0"
"734","Brett Rypien","MIN","6","QB105","","","618","","","618.0"
"735","Easton Stick","LAC","5","QB106","","","621","","","621.0"
"736","Kedon Slovis","HOU","14","QB107","","","622","","","622.0"
"737","Ahmarean Brown","","","WR242","","","623","","","623.0"
"738","Jakob Johnson","NYG","11","RB173","","","625","","","625.0"
"739","Tyron Billy-Johnson","","","WR243","","","626","","","626.0"
"740","Stephen Carlson","CHI","7","TE124","","","627","","","627.0"
"741","Alex Hale","GB","10","K62","","","629","","","629.0"
"742","D'Ernest Johnson","JAC","12","RB174","","","630","","","630.0"
"743","Derrick Gore","","","RB175","","","632","","","632.0"
"744","Tyler Huntley","","","QB108","","","633","","","633.0"
"745","Jake Fromm","DET","5","QB109","","","635","","","635.0"
"746","Jacques Patrick","","","RB176","","","637","","","637.0"
"747","Sean McKeon","IND","14","TE125","","","639","","","639.0"
"748","Tyrie Cleveland","","","WR244","","","640","","","640.0"
"749","Josiah Deguara","JAC","12","TE126","","","642","","","642.0"
"750","Collin Johnson","CHI","7","WR245","","","643","","","643.0"
"751","James Robinson","","","RB177","","","644","","","644.0"
"752","Easop Winston Jr.","SEA","10","WR246","","","645","","","645.0"
"753","Dan Chisena","ARI","11","WR247","","","646","","","646.0"
"754","Denzel Mims","","","WR248","","","647","","","647.0"
"755","La'Mical Perine","GB","10","RB178","","","648","","","648.0"
"756","Jalen Reagor","NE","14","WR249","","","649","","","649.0"
"757","Jonathan Ward","PIT","9","RB179","","","650","","","650.0"
"758","JaMycal Hasty","NE","14","RB180","","","651","","","651.0"
"759","Tyler Mabry","SEA","10","TE127","","","653","","","653.0"
"760","Freddie Swain","","","WR250","","","654","","","654.0"
"761","Ke'Shawn Vaughn","SF","9","RB181","","","655","","","655.0"
"762","Marquez Callaway","","","WR251","","","656","","","656.0"
"763","Kristian Wilkerson","LV","10","WR252","","","657","","","657.0"
"764","Lawrence Cager","NYG","11","WR253","","","658","","","658.0"
"765","Spencer Brown","","","RB182","","","659","","","659.0"
"766","Deon Jackson","","","RB183","","","660","","","660.0"
"767","Tim Jones","JAC","12","WR254","","","661","","","661.0"
"768","DJ Turner","LV","10","WR255","","","662","","","662.0"
"769","Mathew Sexton","","","WR256","","","663","","","663.0"
"770","Sammis Reyes","MIN","6","TE128","","","664","","","664.0"
"771","Terrace Marshall Jr.","SF","9","WR257","","","665","","","665.0"
"772","Sam Ehlinger","IND","14","QB110","","","667","","","667.0"
"773","Cornell Powell","","","WR258","","","669","","","669.0"
"774","Jacob Harris","","","TE129","","","670","","","670.0"
"775","Ben Skowronek","PIT","9","WR259","","","671","","","671.0"
"776","Zach Davidson","BUF","12","TE130","","","673","","","673.0"
"777","Ihmir Smith-Marsette","","","WR260","","","674","","","674.0"
"778","Kawaan Baker","","","WR261","","","675","","","675.0"
"779","Kyle Trask","TB","11","QB111","","","676","","","676.0"
"780","Quintin Morris","BUF","12","TE131","","","677","","","677.0"
"781","Adam Prentice","NO","12","RB184","","","678","","","678.0"
"782","Jack Stoll","PHI","5","TE132","","","679","","","679.0"
"783","Chris Collier","BAL","14","RB185","","","680","","","680.0"
"784","Austin Watkins Jr.","","","WR262","","","681","","","681.0"
"785","Jaret Patterson","LAC","5","RB186","","","682","","","682.0"
"786","Kobe Lewis","","","RB187","","","683","","","683.0"
"787","George Holani","SEA","10","RB188","","","684","","","684.0"
"788","Tyler Badie","DEN","14","RB189","","","686","","","686.0"
"789","Baylor Cupp","KC","6","TE133","","","688","","","688.0"
"790","Michael Woods II","CLE","10","WR263","","","690","","","690.0"
"791","Dee Williams","SEA","10","WR264","","","692","","","692.0"
"792","Jarveon Howard","","","RB190","","","693","","","693.0"
"793","Nikola Kalinic","LAR","6","TE134","","","695","","","695.0"
"794","Ian Wheeler","CHI","7","RB191","","","698","","","698.0"
"795","Brittain Brown","","","RB192","","","700","","","700.0"
"796","Erik Ezukanma","MIA","6","WR265","","","701","","","701.0"
"797","Zonovan Knight","","","RB193","","","704","","","704.0"
"798","Zander Horvath","","","RB194","","","705","","","705.0"
"799","Isaiah Spiller","","","RB195","","","706","","","706.0"
"800","Tyrion Davis-Price","PHI","5","RB196","","","707","","","707.0"
"801","Jalon Calhoun","","","WR266","","","708","","","708.0"
"802","Thomas Yassmin","DEN","14","TE135","","","710","","","710.0"
"803","Austin Reed","CHI","7","QB112","","","711","","","711.0"
"804","Kyle Sheets","","","WR267","","","713","","","713.0"
"805","Kyric McGowan","","","WR268","","","714","","","714.0"
"806","John Rhys Plumlee","JAC","12","QB113","","","715","","","715.0"
"807","Jude McAtamney","NYG","11","K63","","","716","","","716.0"
"808","Austin Jones","","","RB197","","","717","","","717.0"
"809","Marcus Rosemy-Jacksaint","PHI","5","WR269","","","718","","","718.0"
"810","Cody Schrader","LAR","6","RB198","","","719","","","719.0"
"811","Jason Bean","IND","14","QB114","","","720","","","720.0"
"812","Julius Chestnut","TEN","5","RB199","","","721","","","721.0"
"813","Jack Plummer","CAR","11","QB115","","","722","","","722.0"
"814","Elijah Collins","","","RB200","","","723","","","723.0"
"815","British Brooks","HOU","14","RB201","","","724","","","724.0"
"816","Sincere McCormick","LV","10","RB202","","","725","","","725.0"
"817","Tanner Conner","MIA","6","TE136","","","726","","","726.0"
"818","Braylon Sanders","","","WR270","","","727","","","727.0"
"819","Chris Pierce Jr.","","","TE137","","","728","","","728.0"
"820","Nathaniel Peat","","","RB203","","","729","","","729.0"
"821","Tay Martin","SF","9","WR271","","","730","","","730.0"
"822","Deven Thompkins","","","WR272","","","731","","","731.0"
"823","Tucker Fisk","LAC","5","TE138","","","732","","","732.0"
"824","Rodney Williams","PIT","9","TE139","","","733","","","733.0"
"825","Daylen Baldwin","","","WR273","","","735","","","735.0"
"826","Maurice Alexander","","","WR274","","","736","","","736.0"
"827","Josh","Ali","","WR275","","","737","","","737.0"
"828","Justin Shorter","LV","10","WR276","","","738","","","738.0"
"829","Antoine Green","","","WR277","","","739","","","739.0"
"830","Lew Nichols","III","","RB204","","","740","","","740.0"
"831","Xavier Smith","LAR","6","WR278","","","743","","","743.0"
"832","Zack Kuntz","NYJ","12","TE140","","","746","","","746.0"
"833","Tanner McKee","PHI","5","QB116","","","747","","","747.0"
"834","Clayton Tune","ARI","11","QB117","","","748","","","748.0"
"835","Brayden Willis","SF","9","TE141","","","750","","","750.0"
"836","Payne Durham","TB","11","TE142","","","751","","","751.0"
"837","Travis Vokolek","ARI","11","TE143","","","752","","","752.0"
"838","Thyrick Pitts","","","WR279","","","753","","","753.0"
"839","Jason Brownlee","NYJ","12","WR280","","","754","","","754.0"
"840","Brady Russell","SEA","10","TE144","","","755","","","755.0"
"841","Nikko Remigio","KC","6","WR281","","","756","","","756.0"
"842","Jordan Mims","NO","12","RB205","","","757","","","757.0"
"843","Shedrick Jackson","CIN","12","WR282","","","758","","","758.0"
"844","John Stephens Jr.","DAL","7","WR283","","","760","","","760.0"
"845","Nate Adkins","DEN","14","TE145","","","761","","","761.0"
"846","Adrian Martinez","NYJ","12","QB118","","","762","","","762.0"
"847","Jared Wayne","","","WR284","","","763","","","763.0"
"848","Elijah Cooks","JAC","12","WR285","","","764","","","764.0"
"849","Jack Podlesny","","","K64","","","765","","","765.0"
"850","Jack Colletto","PIT","9","RB206","","","767","","","767.0"
"851","Isaiah Winstead","","","WR286","","","768","","","768.0"
"852","Griffin Hebert","","","TE146","","","769","","","769.0"
"853","Jacob Copeland","","","WR287","","","770","","","770.0"
"854","Elijah Dotson","","","RB207","","","771","","","771.0"
"855","Rakim Jarrett","TB","11","WR288","","","772","","","772.0"
"856","Kazmeir Allen","WAS","14","WR289","","","773","","","773.0"
"857","Ellis Merriweather","GB","10","RB208","","","774","","","774.0"
"858","Jordan Murray","ARI","11","TE147","","","775","","","775.0"
"859","Joel Wilson","","","TE148","","","776","","","776.0"
"860","Erick All Jr.","CIN","12","TE149","","","777","","","777.0"
"861","Tanner McLachlan","CIN","12","TE150","","","778","","","778.0"
"862","Jawhar Jordan","HOU","14","RB209","","","783","","","783.0"
"863","Keilan Robinson","JAC","12","RB210","","","784","","","784.0"
"864","Isaiah Davis","NYJ","12","RB211","","","786","","","786.0"
"865","Tip Reiman","ARI","11","TE151","","","788","","","788.0"
"866","Jordan Matthews","CAR","11","WR290","","","789","","","789.0"
"867","Nick Vannett","TEN","5","TE152","","","791","","","791.0"
"868","Nate Sudfeld","","","QB119","","","792","","","792.0"
"869","Dwayne Washington","","","RB212","","","793","","","793.0"
"870","Jeremy McNichols","WAS","14","RB213","","","794","","","794.0"
"871","Jacob Hollister","","","TE153","","","795","","","795.0"
"872","John Kelly Jr.","BAL","14","RB214","","","796","","","796.0"
"873","Anthony Miller","BAL","14","WR291","","","797","","","797.0"
"874","Jordan Thomas","","","TE154","","","800","","","800.0"
"875","Deontay Burnett","","","WR292","","","801","","","801.0"
"876","Cam Sims","","","WR293","","","802","","","802.0"
"877","Luis Perez","","","QB120","","","803","","","803.0"
"878","Alex McGough","","","QB121","","","804","","","804.0"
"879","Tim Boyle","MIA","6","QB122","","","805","","","805.0"
"880","Keith Kirkwood","BAL","14","WR294","","","806","","","806.0"
"881","Kevin Rader","NO","12","TE155","","","807","","","807.0"
"882","Malik Turner","SF","9","WR295","","","808","","","808.0"
"883","Juwann Winfree","IND","14","WR296","","","810","","","810.0"
"884","Matt Sokol","","","TE156","","","811","","","811.0"
"885","Davion Davis","","","WR297","","","812","","","812.0"
"886","Malik Taylor","NYJ","12","WR298","","","813","","","813.0"
"887","Austin Walter","","","RB215","","","815","","","815.0"
"888","Parker Hesse","DET","5","TE157","","","816","","","816.0"
"889","Marcus Simms","SEA","10","WR299","","","819","","","819.0"
"890","Mitchell Wilcox","NE","14","TE158","","","821","","","821.0"
"891","Jacob Eason","","","QB123","","","823","","","823.0"
"892","Tyler Davis","GB","10","TE159","","","824","","","824.0"
"893","Jake Luton","CAR","11","QB124","","","825","","","825.0"
"894","Cody White","SEA","10","WR300","","","826","","","826.0"
"895","Dalton Keene","HOU","14","TE160","","","827","","","827.0"
"896","Tony Jones Jr.","","","RB216","","","828","","","828.0"
"897","Austin Mack","","","WR301","","","829","","","829.0"
"898","Noah Togiai","","","TE161","","","830","","","830.0"
"899","Tommy Hudson","NO","12","TE162","","","833","","","833.0"
"900","Mason Kinsey","TEN","5","WR302","","","834","","","834.0"
"901","Chris Blair","ATL","12","WR303","","","835","","","835.0"
"902","Tarik Black","","","WR304","","","836","","","836.0"
"903","Mike Strachan","","","WR305","","","837","","","837.0"
"904","Avery Williams","ATL","12","RB217","","","838","","","838.0"
"905","Ben Mason","","","RB218","","","839","","","839.0"
"906","Shi Smith","","","WR306","","","840","","","840.0"
"907","Demetric Felton Jr.","","","RB219","","","841","","","841.0"
"908","Anthony Schwartz","MIA","6","WR307","","","842","","","842.0"
"909","Simi Fehoko","LAC","5","WR308","","","843","","","843.0"
"910","Seth Williams","","","WR309","","","844","","","844.0"
"911","Racey McMath","","","WR310","","","845","","","845.0"
"912","Jalen Camp","","","WR311","","","846","","","846.0"
"913","Gerrid Doaks","","","RB220","","","847","","","847.0"
"914","Gary Brightwell","CLE","10","RB221","","","849","","","849.0"
"915","Hunter Kampmoyer","","","TE163","","","850","","","850.0"
"916","Jaelon Darden","CLE","10","WR312","","","851","","","851.0"
"917","Nate McCrary","GB","10","RB222","","","852","","","852.0"
"918","Feleipe Franks","CAR","11","QB125","","","853","","","853.0"
"919","Austin Trammell","JAC","12","WR313","","","854","","","854.0"
"920","Kevin Austin Jr.","NO","12","WR314","","","856","","","856.0"
"921","Justin Hall","","","WR315","","","857","","","857.0"
"922","Jontre Kirklin","","","WR316","","","859","","","859.0"
"923","Grant DuBose","MIA","6","WR317","","","860","","","860.0"
"924","Colton Dowell","TEN","5","WR318","","","861","","","861.0"
"925","Evan Hull","IND","14","RB223","","","862","","","862.0"
"926","Dresser Winn","","","QB126","","","863","","","863.0"
"927","Jake Haener","NO","12","QB127","","","864","","","864.0"
"928","Sean Ryan","","","WR319","","","866","","","866.0"
"929","Robert Burns","ATL","12","RB224","","","867","","","867.0"
"930","T.J. Luther","","","WR320","","","868","","","868.0"
"931","Joseph Ngata","","","WR321","","","869","","","869.0"
"932","Carlos Washington Jr.","ATL","12","RB225","","","870","","","870.0"
"933","Jalen Wayne","GB","10","WR322","","","871","","","871.0"
"934","Jalen Moreno-Cropper","DAL","7","WR323","","","872","","","872.0"
"935","David Durden","","","WR324","","","873","","","873.0"
"936","Chase Cota","NYG","11","WR325","","","874","","","874.0"
"937","Xazavian Valladay","NYJ","12","RB226","","","875","","","875.0"
"938","Jaray Jenkins","","","WR326","","","876","","","876.0"
"939","Blake Whiteheart","CLE","10","TE164","","","877","","","877.0"
"940","Daewood Davis","","","WR327","","","878","","","878.0"
"941","Ben Sims","GB","10","TE165","","","879","","","879.0"
"942","Thayer Thomas","MIN","6","WR328","","","880","","","880.0"
"943","Malik Knowles","","","WR329","","","881","","","881.0"
"944","Cephus Johnson","III","","WR330","","","882","","","882.0"
"945","Shaquan Davis","","","WR331","","","884","","","884.0"
"946","Matt Landers","NE","14","WR332","","","885","","","885.0"
"947","Tyrell Shavers","BUF","12","WR333","","","886","","","886.0"
"948","Bryan Thompson","","","WR334","","","887","","","887.0"
"949","Kearis Jackson","","","WR335","","","888","","","888.0"
"950","Izaiah Gathings","","","TE166","","","889","","","889.0"
"951","Terrell Bynum","","","WR336","","","890","","","890.0"
"952","Tanner Taula","TB","11","TE167","","","891","","","891.0"
"953","Ryan Miller","TB","11","WR337","","","892","","","892.0"
"954","Mitchell Tinsley","WAS","14","WR338","","","893","","","893.0"
"955","La","","'Michael Pettway","","","TE168","","","894","","","894.0"
"956","Casey Washington","ATL","12","WR339","","","895","","","895.0"
"957","Anthony Gould","IND","14","WR340","","","898","","","898.0"
"958","Patrick Murtagh","","","TE169","","","899","","","899.0"
"959","Tahj Washington","MIA","6","WR341","","","900","","","900.0"
""
""