,Player,Pos,Team,PASS ATT,PASS CMP,PASS YDS,PASS TD,INTS,RUSH ATT,RUSH YDS,RUSH TD,REC YDS,REC TD,FL
0,Jalen Hurts,QB,PHI,520.1,339.7,3811.3,24.4,12.3,145.6,625.0,11.3,0.0,0.0,3.8
1,Josh Allen,QB,BUF,559.6,364.5,4029.5,27.6,14.2,107.4,546.6,8.9,0.0,0.0,4.0
2,Patrick Mahomes II,QB,KC,584.4,392.0,4371.2,32.5,11.4,72.3,376.7,1.8,0.0,0.0,3.1
3,Lamar Jackson,QB,BAL,464.6,304.2,3570.9,25.1,10.8,138.6,800.1,5.1,0.0,0.0,4.1
4,Dak Prescott,QB,DAL,574.6,386.4,4239.3,31.1,12.2,51.9,222.3,2.0,0.0,0.0,2.8
5,Anthony Richardson,QB,IND,511.9,326.3,3507.8,19.9,11.5,127.5,646.0,7.8,0.0,0.0,5.0
6,C.J. Stroud,QB,HOU,556.0,361.8,4329.0,29.4,10.1,44.1,184.2,2.3,0.0,0.0,3.6
7,Joe Burrow,QB,CIN,580.8,389.7,4230.6,30.3,11.5,56.7,192.4,2.2,0.0,0.0,3.1
8,Kyler Murray,QB,ARI,530.3,353.2,3679.0,21.8,12.3,96.1,521.2,5.0,0.0,0.0,2.6
9,Brock Purdy,QB,SF,498.4,336.1,4073.5,29.6,11.0,44.7,163.6,2.0,0.0,0.0,2.6
10,Jordan Love,QB,GB,543.1,353.5,3973.5,29.2,11.6,46.1,202.5,2.5,0.0,0.0,3.0
11,Trevor Lawrence,QB,JAC,565.7,373.0,3978.1,24.3,12.7,66.1,306.5,3.5,0.0,0.0,4.8
12,Jayden Daniels,QB,WAS,538.3,338.2,3557.6,20.0,14.6,109.5,575.1,4.4,0.0,0.0,4.4
13,Caleb Williams,QB,CHI,539.8,351.2,3802.6,24.9,14.2,69.5,325.6,3.1,0.0,0.0,4.0
14,Justin Herbert,QB,LAC,544.2,356.4,3851.9,24.6,9.7,65.8,267.0,2.7,0.0,0.0,3.0
15,Jared Goff,QB,DET,568.4,383.5,4230.2,28.1,10.8,24.6,55.6,1.1,0.0,0.0,3.1
16,Deshaun Watson,QB,CLE,538.6,330.7,3713.6,22.7,13.5,76.8,380.3,3.2,0.0,0.0,3.8
17,Tua Tagovailoa,QB,MIA,545.1,370.8,4269.0,27.2,12.7,31.8,88.8,0.6,0.0,0.0,3.8
18,Baker Mayfield,QB,TB,562.0,355.5,3947.9,25.7,11.9,52.1,171.3,1.5,0.0,0.0,3.3
19,Kirk Cousins,QB,ATL,534.4,351.0,4024.7,27.0,10.5,33.9,99.6,1.4,0.0,0.0,4.5
20,Matthew Stafford,QB,LAR,552.5,355.0,4122.7,26.8,12.7,23.4,66.2,0.6,0.0,0.0,2.2
21,Aaron Rodgers,QB,NYJ,545.9,361.2,3834.5,26.2,9.2,33.2,110.0,1.3,0.0,0.0,2.7
22,Geno Smith,QB,SEA,522.6,342.7,3756.0,24.3,12.1,50.6,203.8,1.5,0.0,0.0,3.1
23,Derek Carr,QB,NO,544.6,363.8,3848.6,25.0,11.1,24.7,71.2,0.5,0.0,0.0,3.2
24,Will Levis,QB,TEN,511.0,320.7,3705.1,21.6,12.8,54.5,186.8,2.2,0.0,0.0,4.2
25,Daniel Jones,QB,NYG,494.2,322.7,3222.2,16.6,10.8,95.0,469.3,3.5,0.0,0.0,3.6
26,Russell Wilson,QB,PIT,438.2,279.1,3048.6,18.8,9.8,65.9,311.4,2.6,0.0,0.0,3.5
27,Bryce Young,QB,CAR,531.7,333.5,3454.0,19.2,12.1,43.0,237.2,1.2,0.0,0.0,3.5
28,Bo Nix,QB,DEN,470.2,293.0,2986.8,17.6,11.5,59.6,265.1,2.4,0.0,0.0,3.2
29,J.J. McCarthy,QB,MIN,390.7,249.7,2851.4,17.0,10.7,31.0,181.6,1.6,0.0,0.0,2.9
30,Drake Maye,QB,NE,375.4,237.8,2707.1,14.4,11.4,46.8,225.7,1.8,0.0,0.0,2.6
31,Gardner Minshew II,QB,LV,331.0,208.0,2219.6,12.7,8.4,26.8,93.3,1.3,0.0,0.0,1.9
32,Aidan O'Connell,QB,LV,240.0,151.0,1587.3,8.6,6.3,20.2,50.7,0.5,0.0,0.0,2.0
33,Sam Darnold,QB,MIN,214.0,134.3,1300.2,7.7,4.8,18.3,60.6,0.9,0.0,0.0,0.5
34,Justin Fields,QB,PIT,107.3,65.7,745.0,4.1,3.1,40.8,212.8,1.3,0.0,0.0,1.2
35,Jacoby Brissett,QB,NE,174.6,112.5,1031.8,5.5,3.7,15.9,56.2,0.3,0.0,0.0,1.0
36,Taysom Hill,QB,NO,5.0,4.0,54.0,0.0,0.0,80.0,351.5,4.5,0.0,0.0,0.5
37,Jarrett Stidham,QB,DEN,97.4,61.3,700.3,4.2,3.0,11.8,39.9,0.3,0.0,0.0,0.6
38,Sam Howell,QB,SEA,73.1,47.0,496.8,3.1,2.2,8.0,39.0,0.4,0.0,0.0,0.5
39,Drew Lock,QB,NYG,74.0,46.5,504.3,3.3,1.8,7.9,25.0,0.1,0.0,0.0,0.6
40,Nathan Peterman,QB,NO,65.7,40.6,429.1,2.9,1.8,5.9,24.3,0.2,0.0,0.0,0.5
41,Jake Browning,QB,CIN,50.5,32.7,376.9,2.7,1.5,5.6,26.8,0.2,0.0,0.0,0.2
42,Michael Penix Jr.,QB,ATL,42.5,26.0,335.0,2.5,1.3,3.4,21.0,0.4,0.0,0.0,0.5
43,Josh Johnson,QB,BAL,42.7,26.7,294.2,1.9,0.9,8.8,37.0,0.3,0.0,0.0,0.3
44,Hendon Hooker,QB,DET,68.2,44.3,327.5,1.9,1.4,6.1,25.9,0.2,0.0,0.0,0.3
45,Kenny Pickett,QB,PHI,43.8,28.6,329.6,2.0,1.2,7.1,24.5,0.2,0.0,0.0,0.5
46,Mitchell Trubisky,QB,BUF,45.7,29.6,269.8,2.0,1.3,8.0,25.8,0.3,0.0,0.0,0.2
47,Sean Clifford,QB,GB,50.7,32.1,309.6,2.2,1.2,6.5,17.8,0.1,0.0,0.0,0.3
48,Jimmy Garoppolo,QB,LAR,46.5,30.1,315.4,2.1,1.2,3.8,10.6,0.0,0.0,0.0,0.1
49,Carson Wentz,QB,KC,48.6,30.8,289.8,2.1,1.3,5.2,19.4,0.1,0.0,0.0,0.2
50,Case Keenum,QB,HOU,51.9,32.3,301.1,2.2,1.3,4.0,12.1,0.1,0.0,0.0,0.3
51,Mason Rudolph,QB,TEN,57.4,34.9,332.3,1.8,1.3,5.3,13.5,0.1,0.0,0.0,0.3
52,Joshua Dobbs,QB,SF,40.6,26.9,266.3,1.8,0.9,6.0,27.8,0.2,0.0,0.0,0.2
53,Tyson Bagent,QB,CHI,46.5,30.1,293.6,1.7,1.2,4.9,24.1,0.1,0.0,0.0,0.2
54,Jameis Winston,QB,CLE,48.0,29.6,307.8,1.9,1.5,5.6,18.3,0.1,0.0,0.0,0.1
55,Desmond Ridder,QB,ARI,48.2,30.9,329.2,1.8,1.4,5.8,21.1,0.1,0.0,0.0,0.9
56,Cooper Rush,QB,DAL,48.2,30.5,297.9,2.0,1.3,5.7,11.0,0.1,0.0,0.0,0.2
57,Marcus Mariota,QB,WAS,44.5,27.7,282.3,1.5,1.2,6.5,30.8,0.1,0.0,0.0,0.2
58,Tyrod Taylor,QB,NYJ,43.9,27.5,269.9,1.9,1.0,5.5,23.5,0.0,0.0,0.0,0.2
59,Joe Flacco,QB,IND,48.9,30.7,317.5,1.8,1.1,5.0,13.3,0.0,0.0,0.0,0.5
60,Mac Jones,QB,JAC,46.7,31.4,290.3,1.7,1.3,5.4,19.0,0.0,0.0,0.0,0.1
61,Easton Stick,QB,LAC,43.3,26.4,261.9,1.7,0.9,6.1,24.1,0.1,0.0,0.0,0.2
62,Kyle Trask,QB,TB,44.7,26.9,264.5,1.7,0.9,5.5,13.5,0.1,0.0,0.0,0.2
63,Andy Dalton,QB,CAR,45.4,28.6,272.1,1.6,0.9,4.7,16.7,0.1,0.0,0.0,0.1
64,Mike White,QB,MIA,47.2,30.1,293.1,1.5,1.4,4.2,8.5,0.1,0.0,0.0,0.2
65,Tyler Huntley,QB,CLE,0.0,0.0,202.0,1.0,1.0,0.0,24.0,0.0,0.0,0.0,0.0
66,Zach Wilson,QB,DEN,0.0,0.0,200.0,1.0,1.0,0.0,17.0,0.0,0.0,0.0,0.0
67,Jaren Hall,QB,MIN,0.0,0.0,174.0,1.0,1.0,0.0,26.0,0.0,0.0,0.0,0.0
68,Bailey Zappe,QB,NE,0.0,0.0,200.0,1.0,1.0,0.0,15.0,0.0,0.0,0.0,0.0
69,Malik Willis,QB,TEN,0.0,0.0,168.0,1.0,1.0,0.0,26.0,0.0,0.0,0.0,0.0
70,Tommy DeVito,QB,NYG,0.0,0.0,190.0,1.0,1.0,0.0,17.0,0.0,0.0,0.0,0.0
71,Nick Mullens,QB,MIN,0.0,0.0,210.0,1.0,1.0,0.0,9.0,0.0,0.0,0.0,0.0
72,Davis Mills,QB,HOU,22.0,13.0,184.0,1.0,0.5,4.0,13.5,0.0,0.0,0.0,0.0
73,C.J. Beathard,QB,JAC,0.0,0.0,186.0,1.0,1.0,0.0,15.0,0.0,0.0,0.0,0.0
74,Trey Lance,QB,DAL,24.0,15.0,177.0,1.0,1.0,5.0,18.5,0.0,0.0,0.0,0.0
75,Kyle Allen,QB,PIT,0.0,0.0,186.0,1.0,1.0,0.0,13.0,0.0,0.0,0.0,0.0
76,Jordan Travis,QB,NYJ,0.0,0.0,188.0,1.0,1.0,0.0,10.0,0.0,0.0,0.0,0.0
77,Skylar Thompson,QB,MIA,0.0,0.0,161.0,1.0,1.0,0.0,20.0,0.0,0.0,0.0,0.0
78,Taylor Heinicke,QB,ATL,0.0,0.0,220.0,1.0,1.0,0.0,14.0,0.0,0.0,0.0,1.0
79,Clayton Tune,QB,ARI,0.0,0.0,180.0,1.0,1.0,0.0,7.0,0.0,0.0,0.0,0.0
80,Michael Pratt,QB,GB,16.0,11.0,156.0,1.0,0.5,2.0,10.0,0.0,0.0,0.0,0.0
81,Joe Milton III,QB,NE,0.0,0.0,190.0,1.0,1.0,0.0,17.0,0.0,0.0,0.0,1.0
82,Gavin Hardison,QB,MIA,16.0,11.0,129.0,1.0,0.0,2.0,9.0,0.0,0.0,0.0,0.0
83,Spencer Rattler,QB,NO,17.0,11.0,110.0,1.0,0.0,2.0,9.0,0.0,0.0,0.0,0.0
84,Jacob Eason,QB,GB,21.0,12.0,138.0,1.0,1.0,2.0,7.0,0.0,0.0,0.0,0.0
85,Stetson Bennett,QB,LAR,0.0,0.0,92.0,1.0,0.0,0.0,13.0,0.0,0.0,0.0,0.0
86,Carter Bradley,QB,LV,16.0,10.0,107.0,1.0,0.0,2.0,7.0,0.0,0.0,0.0,0.0
87,Sam Hartman,QB,WAS,0.0,0.0,100.0,1.0,0.0,0.0,7.0,0.0,0.0,0.0,0.0
88,Nathan Rourke,QB,NYG,15.0,10.0,96.0,1.0,0.0,2.0,8.0,0.0,0.0,0.0,0.0
89,Tanner McKee,QB,PHI,0.0,0.0,80.0,1.0,0.0,0.0,8.0,0.0,0.0,0.0,0.0
90,Sam Ehlinger,QB,IND,0.0,0.0,76.0,1.0,0.0,0.0,8.0,0.0,0.0,0.0,0.0
91,Dorian Thompson-Robinson,QB,CLE,0.0,0.0,87.0,0.0,0.0,0.0,13.0,0.0,0.0,0.0,0.0
92,Devin Leary,QB,BAL,0.0,0.0,65.0,0.0,0.0,0.0,0.0,0.0,0.0,0.0,0.0
93,Malik Cunningham,QB,BAL,0.0,0.0,0.0,0.0,0.0,1.0,5.0,0.0,0.0,0.0,0.0
0,Christian McCaffrey,RB,SF,0.0,0.0,0.0,0.0,0.0,274.2,1294.6,11.7,566.2,4.8,1.7
1,Breece Hall,RB,NYJ,0.0,0.0,0.0,0.0,0.0,249.9,1121.9,7.8,529.6,3.8,1.4
2,Bijan Robinson,RB,ATL,0.0,0.0,0.0,0.0,0.0,238.7,1093.6,7.3,531.9,4.3,2.2
3,Jonathan Taylor,RB,IND,0.0,0.0,0.0,0.0,0.0,283.0,1269.2,10.0,279.5,1.6,1.4
4,Saquon Barkley,RB,PHI,0.0,0.0,0.0,0.0,0.0,269.6,1140.1,9.1,351.5,3.0,1.7
5,Kyren Williams,RB,LAR,0.0,0.0,0.0,0.0,0.0,258.1,1154.1,10.3,263.9,2.2,1.7
6,Derrick Henry,RB,BAL,0.0,0.0,0.0,0.0,0.0,265.8,1178.5,11.0,194.3,0.9,1.0
7,Jahmyr Gibbs,RB,DET,0.0,0.0,0.0,0.0,0.0,201.3,946.3,8.4,392.1,2.2,1.4
8,Isiah Pacheco,RB,KC,0.0,0.0,0.0,0.0,0.0,238.9,1066.8,8.5,274.0,2.0,1.4
9,Travis Etienne Jr.,RB,JAC,0.0,0.0,0.0,0.0,0.0,250.2,1023.1,8.4,355.7,1.4,1.3
10,Josh Jacobs,RB,GB,0.0,0.0,0.0,0.0,0.0,255.0,1056.0,8.3,298.8,1.3,1.1
11,Rachaad White,RB,TB,0.0,0.0,0.0,0.0,0.0,241.5,934.1,6.6,410.1,2.4,1.7
12,James Cook,RB,BUF,0.0,0.0,0.0,0.0,0.0,236.7,1039.1,5.0,379.5,2.6,1.4
13,Joe Mixon,RB,HOU,0.0,0.0,0.0,0.0,0.0,248.6,965.1,7.8,300.7,2.1,0.9
14,De'Von Achane,RB,MIA,0.0,0.0,0.0,0.0,0.0,175.4,907.5,7.2,348.1,2.9,0.9
15,Kenneth Walker III,RB,SEA,0.0,0.0,0.0,0.0,0.0,237.7,994.9,8.9,225.0,1.0,0.9
16,David Montgomery,RB,DET,0.0,0.0,0.0,0.0,0.0,203.9,893.2,9.8,165.4,0.8,0.9
17,Alvin Kamara,RB,NO,0.0,0.0,0.0,0.0,0.0,195.6,773.2,5.1,466.0,2.2,0.9
18,Aaron Jones,RB,MIN,0.0,0.0,0.0,0.0,0.0,189.9,872.2,5.5,320.3,2.0,1.0
19,Najee Harris,RB,PIT,0.0,0.0,0.0,0.0,0.0,240.2,959.2,6.9,184.5,1.2,1.0
20,James Conner,RB,ARI,0.0,0.0,0.0,0.0,0.0,201.6,882.9,6.6,223.0,1.4,0.9
21,Zamir White,RB,LV,0.0,0.0,0.0,0.0,0.0,229.9,969.5,5.6,238.8,0.8,1.3
22,D'Andre Swift,RB,CHI,0.0,0.0,0.0,0.0,0.0,198.7,879.7,5.7,259.4,1.6,1.0
23,Raheem Mostert,RB,MIA,0.0,0.0,0.0,0.0,0.0,168.8,799.4,8.4,183.6,1.5,1.0
24,Rhamondre Stevenson,RB,NE,0.0,0.0,0.0,0.0,0.0,215.0,890.3,5.8,290.5,0.9,1.0
25,Zack Moss,RB,CIN,0.0,0.0,0.0,0.0,0.0,190.2,805.4,6.3,206.7,1.4,0.5
26,Jonathon Brooks,RB,CAR,0.0,0.0,0.0,0.0,0.0,196.3,840.0,5.2,232.6,1.1,1.6
27,Brian Robinson Jr.,RB,WAS,0.0,0.0,0.0,0.0,0.0,184.5,762.6,5.3,247.4,1.8,1.5
28,Tony Pollard,RB,TEN,0.0,0.0,0.0,0.0,0.0,189.5,809.4,5.6,231.0,0.8,0.9
29,Devin Singletary,RB,NYG,0.0,0.0,0.0,0.0,0.0,196.5,857.3,5.0,216.1,0.7,1.0
30,Javonte Williams,RB,DEN,0.0,0.0,0.0,0.0,0.0,196.4,802.8,4.5,234.3,1.5,0.9
31,Gus Edwards,RB,LAC,0.0,0.0,0.0,0.0,0.0,187.2,798.8,7.1,140.5,0.4,1.3
32,Nick Chubb,RB,CLE,0.0,0.0,0.0,0.0,0.0,179.5,829.3,5.8,156.9,0.6,0.9
33,Ezekiel Elliott,RB,DAL,0.0,0.0,0.0,0.0,0.0,180.5,701.8,6.2,211.2,1.3,1.0
34,Jaylen Warren,RB,PIT,0.0,0.0,0.0,0.0,0.0,145.2,696.2,3.9,329.7,1.7,1.4
35,Tyjae Spears,RB,TEN,0.0,0.0,0.0,0.0,0.0,144.1,612.9,3.6,338.6,1.5,0.9
36,Austin Ekeler,RB,WAS,0.0,0.0,0.0,0.0,0.0,124.4,516.9,4.1,373.4,2.0,1.7
37,Chase Brown,RB,CIN,0.0,0.0,0.0,0.0,0.0,116.5,530.4,3.4,286.6,1.8,0.5
38,Jerome Ford,RB,CLE,0.0,0.0,0.0,0.0,0.0,147.3,566.5,3.7,210.1,1.7,0.8
39,Ty Chandler,RB,MIN,0.0,0.0,0.0,0.0,0.0,142.6,586.7,4.4,149.7,0.6,0.8
40,Tyler Allgeier,RB,ATL,0.0,0.0,0.0,0.0,0.0,133.2,550.6,3.8,169.4,1.2,0.8
41,J.K. Dobbins,RB,LAC,0.0,0.0,0.0,0.0,0.0,130.3,531.0,3.6,172.7,1.5,0.9
42,Trey Benson,RB,ARI,0.0,0.0,0.0,0.0,0.0,131.4,568.5,3.9,141.6,0.9,1.5
43,Blake Corum,RB,LAR,0.0,0.0,0.0,0.0,0.0,128.9,542.6,4.1,152.4,0.7,1.5
44,Zach Charbonnet,RB,SEA,0.0,0.0,0.0,0.0,0.0,114.9,503.8,3.0,224.7,0.8,0.8
45,Rico Dowdle,RB,DAL,0.0,0.0,0.0,0.0,0.0,144.1,533.9,3.5,143.5,1.0,0.4
46,Antonio Gibson,RB,NE,0.0,0.0,0.0,0.0,0.0,116.9,445.5,2.3,283.9,1.2,1.4
47,Jaleel McLaughlin,RB,DEN,0.0,0.0,0.0,0.0,0.0,107.8,504.1,2.8,166.3,0.9,0.8
48,Chuba Hubbard,RB,CAR,0.0,0.0,0.0,0.0,0.0,121.4,505.6,3.3,153.7,0.5,0.8
49,Kendre Miller,RB,NO,0.0,0.0,0.0,0.0,0.0,98.3,397.7,2.7,190.4,1.1,0.8
50,MarShawn Lloyd,RB,GB,0.0,0.0,0.0,0.0,0.0,101.7,416.5,3.1,142.2,1.0,1.1
51,Khalil Herbert,RB,CHI,0.0,0.0,0.0,0.0,0.0,105.9,447.3,2.7,89.4,0.7,0.8
52,Alexander Mattison,RB,LV,0.0,0.0,0.0,0.0,0.0,105.2,405.9,2.7,93.5,1.0,0.9
53,Ray Davis,RB,BUF,0.0,0.0,0.0,0.0,0.0,87.1,370.4,2.9,130.6,0.6,1.2
54,Clyde Edwards-Helaire,RB,KC,0.0,0.0,0.0,0.0,0.0,80.0,316.4,2.1,171.7,1.2,0.5
55,Elijah Mitchell,RB,SF,0.0,0.0,0.0,0.0,0.0,98.3,402.6,3.2,59.4,0.2,0.7
56,Bucky Irving,RB,TB,0.0,0.0,0.0,0.0,0.0,96.5,363.4,2.5,109.2,0.7,1.1
57,Braelon Allen,RB,NYJ,0.0,0.0,0.0,0.0,0.0,100.5,385.3,2.7,78.0,0.5,0.8
58,D'Onta Foreman,RB,CLE,0.0,0.0,0.0,0.0,0.0,94.2,357.8,2.6,76.5,0.6,0.4
59,Tyrone Tracy Jr.,RB,NYG,0.0,0.0,0.0,0.0,0.0,97.2,361.5,2.2,107.7,0.5,1.1
60,Roschon Johnson,RB,CHI,0.0,0.0,0.0,0.0,0.0,75.9,289.5,2.3,138.8,0.6,0.5
61,Keaton Mitchell,RB,BAL,0.0,0.0,0.0,0.0,0.0,68.9,316.1,2.3,95.4,0.6,0.7
62,Kenneth Gainwell,RB,PHI,0.0,0.0,0.0,0.0,0.0,75.6,287.6,2.2,124.2,0.5,1.2
63,Dameon Pierce,RB,HOU,0.0,0.0,0.0,0.0,0.0,82.5,334.0,2.3,68.6,0.1,0.5
64,Jamaal Williams,RB,NO,0.0,0.0,0.0,0.0,0.0,90.4,329.6,2.3,73.0,0.1,0.5
65,Tank Bigsby,RB,JAC,0.0,0.0,0.0,0.0,0.0,95.0,313.3,3.1,54.2,0.2,2.2
66,Jaylen Wright,RB,MIA,0.0,0.0,0.0,0.0,0.0,58.0,267.2,2.2,96.1,0.7,0.8
67,Samaje Perine,RB,DEN,0.0,0.0,0.0,0.0,0.0,52.1,211.8,1.2,201.2,0.8,1.2
68,Miles Sanders,RB,CAR,0.0,0.0,0.0,0.0,0.0,88.1,320.9,1.6,89.2,0.1,1.2
69,Kimani Vidal,RB,LAC,0.0,0.0,0.0,0.0,0.0,16.7,260.0,1.7,93.2,0.1,0.0
70,AJ Dillon,RB,GB,0.0,0.0,0.0,0.0,0.0,56.9,240.6,1.8,83.5,0.1,0.4
71,Justice Hill,RB,BAL,0.0,0.0,0.0,0.0,0.0,54.4,219.8,1.5,103.5,0.4,0.8
72,Chase Edmonds,RB,TB,0.0,0.0,0.0,0.0,0.0,55.5,199.5,1.2,102.9,0.2,0.1
73,Will Shipley,RB,PHI,0.0,0.0,0.0,0.0,0.0,35.4,201.8,1.6,56.4,0.4,0.1
74,Audric Estime,RB,DEN,0.0,0.0,0.0,0.0,0.0,46.5,202.9,1.4,57.7,0.4,0.7
75,Trey Sermon,RB,IND,0.0,0.0,0.0,0.0,0.0,44.4,228.5,1.2,44.8,0.1,0.1
76,Eric Gray,RB,NYG,0.0,0.0,0.0,0.0,0.0,37.4,180.9,1.4,72.1,0.2,0.1
77,Deuce Vaughn,RB,DAL,0.0,0.0,0.0,0.0,0.0,38.7,154.9,1.2,87.2,0.6,0.4
78,Isaiah Davis,RB,NYJ,0.0,0.0,0.0,0.0,0.0,65.4,193.3,1.4,44.0,0.2,0.1
79,Ty Johnson,RB,BUF,0.0,0.0,0.0,0.0,0.0,27.1,139.4,0.9,99.3,0.6,0.2
80,Dylan Laube,RB,LV,0.0,0.0,0.0,0.0,0.0,41.3,171.1,1.1,62.2,0.2,0.1
81,Rasheen Ali,RB,BAL,0.0,0.0,0.0,0.0,0.0,26.4,158.3,1.5,51.6,0.1,0.0
82,Isaac Guerendo,RB,SF,0.0,0.0,0.0,0.0,0.0,29.9,167.3,1.3,43.0,0.1,0.0
83,Kendall Milton,RB,PHI,0.0,0.0,0.0,0.0,0.0,34.0,146.0,2.0,25.0,0.0,0.0
84,Emani Bailey,RB,KC,0.0,0.0,0.0,0.0,0.0,0.0,157.0,1.0,60.0,0.0,0.0
85,Evan Hull,RB,IND,0.0,0.0,0.0,0.0,0.0,34.5,144.1,1.0,55.5,0.3,0.2
86,Jase McClellan,RB,ATL,0.0,0.0,0.0,0.0,0.0,33.0,134.0,1.0,43.8,0.4,0.0
87,Emari Demercado,RB,ARI,0.0,0.0,0.0,0.0,0.0,23.6,118.7,0.9,78.2,0.3,0.4
88,Chris Rodriguez Jr.,RB,WAS,0.0,0.0,0.0,0.0,0.0,14.5,133.6,0.9,52.4,0.2,0.1
89,Cordarrelle Patterson,RB,PIT,0.0,0.0,0.0,0.0,0.0,22.4,110.9,0.8,67.7,0.3,0.1
90,DeWayne McBride,RB,MIN,0.0,0.0,0.0,0.0,0.0,0.0,147.0,1.0,36.0,0.0,0.0
91,Isaiah Spiller,RB,LAC,0.0,0.0,0.0,0.0,0.0,42.0,144.1,0.9,33.3,0.1,0.1
92,Kyle Juszczyk,RB,SF,0.0,0.0,0.0,0.0,0.0,5.6,19.1,0.1,140.1,1.1,0.0
93,Ameer Abdullah,RB,LV,0.0,0.0,0.0,0.0,0.0,27.0,102.5,0.2,95.2,0.2,0.1
94,Michael Carter,RB,ARI,0.0,0.0,0.0,0.0,0.0,24.6,109.7,0.8,57.5,0.1,0.1
95,Kevin Harris,RB,NE,0.0,0.0,0.0,0.0,0.0,13.5,120.7,0.9,43.5,0.1,0.1
96,Andrew Beck,RB,HOU,0.0,0.0,0.0,0.0,0.0,3.7,9.5,0.7,87.8,1.5,1.5
97,Blake Watson,RB,DEN,0.0,0.0,0.0,0.0,0.0,0.0,108.0,1.0,29.0,0.0,0.0
98,Craig Reynolds,RB,DET,0.0,0.0,0.0,0.0,0.0,23.0,107.0,0.8,33.4,0.1,0.1
99,Ronnie Rivers,RB,LAR,0.0,0.0,0.0,0.0,0.0,27.2,112.3,0.7,34.0,0.1,0.0
100,Nyheim Hines,RB,CLE,0.0,0.0,0.0,0.0,0.0,22.4,68.1,0.5,80.6,0.2,0.1
101,D'Ernest Johnson,RB,JAC,0.0,0.0,0.0,0.0,0.0,31.8,114.2,0.5,39.2,0.1,0.1
102,Trayveon Williams,RB,CIN,0.0,0.0,0.0,0.0,0.0,21.9,94.6,0.7,43.5,0.2,0.2
103,Royce Freeman,RB,DAL,0.0,0.0,0.0,0.0,0.0,25.4,103.2,0.7,29.6,0.2,0.1
104,Jordan Mason,RB,SF,0.0,0.0,0.0,0.0,0.0,27.3,103.1,0.9,15.0,0.1,0.0
105,Israel Abanikanda,RB,NYJ,0.0,0.0,0.0,0.0,0.0,17.2,97.7,0.7,27.9,0.1,0.1
106,Hunter Luepke,RB,DAL,0.0,0.0,0.0,0.0,0.0,7.9,28.1,1.4,39.1,0.2,0.0
107,Dare Ogunbowale,RB,HOU,0.0,0.0,0.0,0.0,0.0,20.7,71.1,0.3,64.2,0.2,0.1
108,Pierre Strong Jr.,RB,CLE,0.0,0.0,0.0,0.0,0.0,18.7,98.1,0.7,19.9,0.0,0.0
109,Jeremy McNichols,RB,WAS,0.0,0.0,0.0,0.0,0.0,14.1,56.8,0.0,65.4,0.5,0.0
110,Kenny McIntosh,RB,SEA,0.0,0.0,0.0,0.0,0.0,27.4,82.2,0.4,36.6,0.2,0.1
111,Cody Schrader,RB,SF,0.0,0.0,0.0,0.0,0.0,33.0,105.5,0.5,16.0,0.0,0.0
112,Jawhar Jordan,RB,HOU,0.0,0.0,0.0,0.0,0.0,11.3,89.9,0.6,22.4,0.0,0.0
113,Deneric Prince,RB,KC,0.0,0.0,0.0,0.0,0.0,20.1,85.6,0.5,23.4,0.1,0.1
114,Zander Horvath,RB,NO,0.0,0.0,0.0,0.0,0.0,7.0,17.0,0.0,8.0,2.0,0.0
115,Jeff Wilson Jr.,RB,MIA,0.0,0.0,0.0,0.0,0.0,14.3,78.0,0.6,23.6,0.1,0.0
116,Rashaad Penny,RB,CAR,0.0,0.0,0.0,0.0,0.0,16.4,77.5,0.6,24.0,0.1,0.0
117,Nick Bawden,RB,NYJ,0.0,0.0,0.0,0.0,0.0,5.4,18.0,1.6,19.4,0.1,0.0
118,Julius Chestnut,RB,TEN,0.0,0.0,0.0,0.0,0.0,14.4,60.3,0.4,37.7,0.1,0.2
119,Elijah Dotson,RB,LAC,0.0,0.0,0.0,0.0,0.0,9.1,58.5,0.6,22.3,0.1,0.0
120,Zach Evans,RB,LAR,0.0,0.0,0.0,0.0,0.0,2.3,57.1,0.5,22.1,0.1,0.0
121,Boston Scott,RB,LAR,0.0,0.0,0.0,0.0,0.0,2.3,54.3,0.6,19.1,0.1,0.0
122,Keaontay Ingram,RB,KC,0.0,0.0,0.0,0.0,0.0,15.4,51.7,0.3,18.5,0.1,0.0
123,Myles Gaskin,RB,MIN,0.0,0.0,0.0,0.0,0.0,13.7,54.1,0.3,13.7,0.1,0.1
124,Chris Evans,RB,CIN,0.0,0.0,0.0,0.0,0.0,7.9,35.1,0.2,37.1,0.1,0.0
125,Dante Miller,RB,NYG,0.0,0.0,0.0,0.0,0.0,7.1,29.3,0.2,28.2,0.2,0.1
126,Malik Davis,RB,DAL,0.0,0.0,0.0,0.0,0.0,4.6,36.8,0.1,27.5,0.1,0.0
127,Alec Ingold,RB,MIA,0.0,0.0,0.0,0.0,0.0,1.1,4.4,0.0,55.5,0.3,0.1
128,Sean Tucker,RB,TB,0.0,0.0,0.0,0.0,0.0,10.0,38.8,0.2,20.5,0.1,0.0
129,Kene Nwangwu,RB,MIN,0.0,0.0,0.0,0.0,0.0,9.7,43.0,0.2,17.3,0.1,0.0
130,Sione Vaki,RB,DET,0.0,0.0,0.0,0.0,0.0,8.5,35.5,0.3,14.8,0.1,0.0
131,Michael Burton,RB,DEN,0.0,0.0,0.0,0.0,0.0,6.2,25.4,0.2,26.3,0.2,0.1
132,JaMycal Hasty,RB,NE,0.0,0.0,0.0,0.0,0.0,9.4,34.1,0.1,22.6,0.1,0.0
133,Raheem Blackshear,RB,CAR,0.0,0.0,0.0,0.0,0.0,0.0,27.5,0.0,41.2,0.0,0.0
134,Salvon Ahmed,RB,MIA,0.0,0.0,0.0,0.0,0.0,2.2,30.4,0.0,29.7,0.1,0.0
135,DeeJay Dallas,RB,ARI,0.0,0.0,0.0,0.0,0.0,4.9,33.0,0.1,24.1,0.0,0.0
136,Avery Williams,RB,ATL,0.0,0.0,0.0,0.0,0.0,4.4,18.4,0.2,22.3,0.2,0.0
137,Darrynton Evans,RB,BUF,0.0,0.0,0.0,0.0,0.0,5.1,20.8,0.1,23.0,0.2,0.0
138,Travis Homer,RB,CHI,0.0,0.0,0.0,0.0,0.0,3.1,27.3,0.0,24.4,0.1,0.0
139,Cam Akers,RB,HOU,0.0,0.0,0.0,0.0,0.0,4.5,17.8,0.2,17.6,0.2,0.0
140,Reggie Gilliam,RB,BUF,0.0,0.0,0.0,0.0,0.0,0.0,0.0,0.0,33.6,0.3,0.0
141,Giovanni Ricci,RB,CLE,0.0,0.0,0.0,0.0,0.0,2.4,10.0,0.0,28.3,0.2,0.0
142,Adam Prentice,RB,NO,0.0,0.0,0.0,0.0,0.0,3.3,14.1,0.1,22.9,0.1,0.0
143,Keilan Robinson,RB,JAC,0.0,0.0,0.0,0.0,0.0,0.0,33.0,0.0,15.0,0.0,0.0
144,Emanuel Wilson,RB,GB,0.0,0.0,0.0,0.0,0.0,2.2,26.0,0.0,15.4,0.1,0.0
145,Jashaun Corbin,RB,NYG,0.0,0.0,0.0,0.0,0.0,4.3,17.5,0.2,12.4,0.0,0.0
146,Hassan Haskins,RB,TEN,0.0,0.0,0.0,0.0,0.0,2.4,27.7,0.0,12.3,0.0,0.0
147,Zonovan Knight,RB,DET,0.0,0.0,0.0,0.0,0.0,2.3,9.3,0.0,16.2,0.2,0.0
148,Jake Funk,RB,DET,0.0,0.0,0.0,0.0,0.0,2.3,9.4,0.0,16.1,0.2,0.0
149,Jermar Jefferson,RB,DET,0.0,0.0,0.0,0.0,0.0,2.3,9.4,0.0,15.9,0.2,0.0
150,J.J. Taylor,RB,HOU,0.0,0.0,0.0,0.0,0.0,2.2,8.8,0.0,16.2,0.2,0.0
151,Snoop Conner,RB,DAL,0.0,0.0,0.0,0.0,0.0,2.3,9.2,0.0,15.6,0.2,0.0
152,Patrick Ricard,RB,BAL,0.0,0.0,0.0,0.0,0.0,2.7,10.9,0.0,13.1,0.2,0.0
153,Chris Brooks,RB,MIA,0.0,0.0,0.0,0.0,0.0,2.2,9.0,0.0,14.7,0.2,0.0
154,James Robinson,RB,NO,0.0,0.0,0.0,0.0,0.0,2.4,10.1,0.0,13.4,0.2,0.0
155,Khari Blasingame,RB,CHI,0.0,0.0,0.0,0.0,0.0,2.3,9.3,0.0,14.4,0.2,0.0
156,Patrick Taylor Jr.,RB,SF,0.0,0.0,0.0,0.0,0.0,2.5,13.5,0.0,13.8,0.1,0.0
157,Tyler Goodson,RB,IND,0.0,0.0,0.0,0.0,0.0,2.4,9.9,0.0,13.5,0.1,0.0
158,John Kelly Jr.,RB,CLE,0.0,0.0,0.0,0.0,0.0,2.4,9.9,0.0,13.8,0.1,0.0
159,C.J. Ham,RB,MIN,0.0,0.0,0.0,0.0,0.0,2.2,8.6,0.0,14.7,0.1,0.0
160,Tyrion Davis-Price,RB,PHI,0.0,0.0,0.0,0.0,0.0,2.5,13.5,0.0,8.1,0.1,0.0
161,Mike Boone,RB,CAR,0.0,0.0,0.0,0.0,0.0,0.0,0.0,0.0,14.0,0.0,0.0
0,CeeDee Lamb,WR,DAL,0.0,0.0,0.0,0.0,0.0,9.8,68.4,0.8,1495.4,9.7,1.1
1,Tyreek Hill,WR,MIA,0.0,0.0,0.0,0.0,0.0,5.2,30.5,0.1,1542.4,9.8,1.0
2,Ja'Marr Chase,WR,CIN,0.0,0.0,0.0,0.0,0.0,3.0,12.6,0.1,1347.6,9.3,0.7
3,Justin Jefferson,WR,MIN,0.0,0.0,0.0,0.0,0.0,1.2,3.9,0.0,1446.6,7.6,1.0
4,Amon-Ra St. Brown,WR,DET,0.0,0.0,0.0,0.0,0.0,4.5,31.2,0.1,1354.1,8.2,0.9
5,A.J. Brown,WR,PHI,0.0,0.0,0.0,0.0,0.0,0.0,1.4,0.0,1342.3,8.6,1.3
6,Puka Nacua,WR,LAR,0.0,0.0,0.0,0.0,0.0,9.5,57.6,0.2,1316.1,7.4,0.7
7,Garrett Wilson,WR,NYJ,0.0,0.0,0.0,0.0,0.0,3.9,19.2,0.1,1187.1,8.2,1.3
8,Deebo Samuel Sr.,WR,SF,0.0,0.0,0.0,0.0,0.0,33.9,199.6,3.0,924.0,5.9,1.0
9,Mike Evans,WR,TB,0.0,0.0,0.0,0.0,0.0,0.0,1.2,0.0,1121.4,8.4,0.5
10,Chris Olave,WR,NO,0.0,0.0,0.0,0.0,0.0,0.0,1.0,0.0,1201.5,6.6,0.6
11,Nico Collins,WR,HOU,0.0,0.0,0.0,0.0,0.0,1.6,8.6,0.0,1138.1,7.4,0.5
12,Davante Adams,WR,LV,0.0,0.0,0.0,0.0,0.0,0.0,1.0,0.0,1153.3,7.0,0.5
13,Brandon Aiyuk,WR,SF,0.0,0.0,0.0,0.0,0.0,0.8,4.0,0.0,1136.0,7.3,0.9
14,Marvin Harrison Jr.,WR,ARI,0.0,0.0,0.0,0.0,0.0,0.5,3.6,0.0,1166.4,6.8,1.5
15,DK Metcalf,WR,SEA,0.0,0.0,0.0,0.0,0.0,0.0,1.2,0.0,1069.1,8.1,0.5
16,Drake London,WR,ATL,0.0,0.0,0.0,0.0,0.0,0.0,2.2,0.0,1133.2,7.0,0.9
17,DeVonta Smith,WR,PHI,0.0,0.0,0.0,0.0,0.0,0.0,1.2,0.0,1093.0,7.2,0.9
18,DJ Moore,WR,CHI,0.0,0.0,0.0,0.0,0.0,2.0,14.5,0.2,1053.5,7.0,0.9
19,George Pickens,WR,PIT,0.0,0.0,0.0,0.0,0.0,2.6,16.9,0.0,1100.1,6.3,0.9
20,Cooper Kupp,WR,LAR,0.0,0.0,0.0,0.0,0.0,2.9,17.3,0.1,1038.2,7.0,0.5
21,Jaylen Waddle,WR,MIA,0.0,0.0,0.0,0.0,0.0,3.6,21.1,0.1,1108.5,5.7,0.5
22,Amari Cooper,WR,CLE,0.0,0.0,0.0,0.0,0.0,0.0,1.0,0.0,1095.0,6.3,0.9
23,Tee Higgins,WR,CIN,0.0,0.0,0.0,0.0,0.0,0.0,1.0,0.0,1014.8,7.3,0.5
24,Tank Dell,WR,HOU,0.0,0.0,0.0,0.0,0.0,11.1,61.7,0.2,941.1,6.9,0.6
25,Stefon Diggs,WR,HOU,0.0,0.0,0.0,0.0,0.0,1.9,9.2,0.1,1019.6,6.6,1.0
26,Zay Flowers,WR,BAL,0.0,0.0,0.0,0.0,0.0,7.4,46.3,0.6,966.0,6.2,1.0
27,Malik Nabers,WR,NYG,0.0,0.0,0.0,0.0,0.0,0.5,5.0,0.0,1048.4,5.6,1.2
28,Michael Pittman Jr.,WR,IND,0.0,0.0,0.0,0.0,0.0,0.3,3.0,0.0,1069.5,5.0,1.0
29,Calvin Ridley,WR,TEN,0.0,0.0,0.0,0.0,0.0,2.9,14.6,0.0,930.4,6.8,0.5
30,Chris Godwin,WR,TB,0.0,0.0,0.0,0.0,0.0,2.7,20.9,0.3,989.4,5.3,0.5
31,Jayden Reed,WR,GB,0.0,0.0,0.0,0.0,0.0,9.0,73.6,1.2,819.9,6.0,0.6
32,Christian Kirk,WR,JAC,0.0,0.0,0.0,0.0,0.0,1.0,6.6,0.0,997.7,5.4,1.3
33,DeAndre Hopkins,WR,TEN,0.0,0.0,0.0,0.0,0.0,0.3,3.0,0.0,938.6,6.0,0.6
34,Hollywood Brown,WR,KC,0.0,0.0,0.0,0.0,0.0,1.5,11.6,0.0,866.0,7.0,0.5
35,Terry McLaurin,WR,WAS,0.0,0.0,0.0,0.0,0.0,0.3,2.2,0.0,983.6,4.6,0.5
36,Christian Watson,WR,GB,0.0,0.0,0.0,0.0,0.0,4.8,26.4,0.4,781.3,7.2,0.5
37,Jordan Addison,WR,MIN,0.0,0.0,0.0,0.0,0.0,0.3,4.0,0.0,874.2,6.3,0.5
38,Keenan Allen,WR,CHI,0.0,0.0,0.0,0.0,0.0,1.0,6.1,0.0,900.3,5.6,1.0
39,Xavier Worthy,WR,KC,0.0,0.0,0.0,0.0,0.0,3.3,20.0,0.1,844.9,6.0,0.8
40,Diontae Johnson,WR,CAR,0.0,0.0,0.0,0.0,0.0,1.0,7.0,0.0,872.7,5.6,0.6
41,Rashee Rice,WR,KC,0.0,0.0,0.0,0.0,0.0,1.5,6.8,0.0,812.5,6.2,0.9
42,Rome Odunze,WR,CHI,0.0,0.0,0.0,0.0,0.0,1.0,6.0,0.0,846.6,5.3,1.1
43,Courtland Sutton,WR,DEN,0.0,0.0,0.0,0.0,0.0,0.0,1.2,0.0,805.1,5.9,1.3
44,Brian Thomas Jr.,WR,JAC,0.0,0.0,0.0,0.0,0.0,0.7,5.8,0.0,825.3,5.0,1.1
45,Ladd McConkey,WR,LAC,0.0,0.0,0.0,0.0,0.0,1.1,6.7,0.0,822.1,4.8,0.8
46,Mike Williams,WR,NYJ,0.0,0.0,0.0,0.0,0.0,2.3,9.2,0.0,787.5,5.2,0.5
47,Tyler Lockett,WR,SEA,0.0,0.0,0.0,0.0,0.0,0.0,1.2,0.0,787.9,5.2,0.5
48,Jameson Williams,WR,DET,0.0,0.0,0.0,0.0,0.0,4.5,41.4,0.7,727.8,4.5,0.6
49,Jaxon Smith-Njigba,WR,SEA,0.0,0.0,0.0,0.0,0.0,0.0,2.0,0.0,769.6,5.1,0.6
50,Keon Coleman,WR,BUF,0.0,0.0,0.0,0.0,0.0,0.7,4.5,0.0,773.2,5.2,1.1
51,Jerry Jeudy,WR,CLE,0.0,0.0,0.0,0.0,0.0,0.3,4.5,0.0,815.2,4.2,0.6
52,Brandin Cooks,WR,DAL,0.0,0.0,0.0,0.0,0.0,4.0,23.1,0.1,696.6,5.4,0.5
53,Gabe Davis,WR,JAC,0.0,0.0,0.0,0.0,0.0,0.3,1.3,0.0,723.3,5.4,0.9
54,Jakobi Meyers,WR,LV,0.0,0.0,0.0,0.0,0.0,1.8,12.5,0.3,727.4,4.7,0.5
55,Joshua Palmer,WR,LAC,0.0,0.0,0.0,0.0,0.0,0.3,2.8,0.0,753.9,4.6,0.8
56,Romeo Doubs,WR,GB,0.0,0.0,0.0,0.0,0.0,0.0,1.5,0.0,682.2,5.6,0.5
57,Rashid Shaheed,WR,NO,0.0,0.0,0.0,0.0,0.0,4.3,33.3,0.0,731.9,4.2,0.9
58,Khalil Shakir,WR,BUF,0.0,0.0,0.0,0.0,0.0,0.3,4.0,0.0,737.1,4.4,0.2
59,Curtis Samuel,WR,BUF,0.0,0.0,0.0,0.0,0.0,11.0,66.5,0.8,617.9,4.2,0.5
60,DeMario Douglas,WR,NE,0.0,0.0,0.0,0.0,0.0,10.0,50.1,0.2,704.9,3.1,1.2
61,Adam Thielen,WR,CAR,0.0,0.0,0.0,0.0,0.0,0.3,2.5,0.0,679.7,4.2,0.6
62,Darnell Mooney,WR,ATL,0.0,0.0,0.0,0.0,0.0,2.1,11.7,0.1,642.3,4.0,0.2
63,Xavier Legette,WR,CAR,0.0,0.0,0.0,0.0,0.0,2.8,17.5,0.1,656.3,3.5,0.8
64,Demarcus Robinson,WR,LAR,0.0,0.0,0.0,0.0,0.0,0.3,7.8,0.0,592.0,4.4,0.6
65,Jahan Dotson,WR,WAS,0.0,0.0,0.0,0.0,0.0,0.0,2.5,0.0,599.6,4.2,0.5
66,Kendrick Bourne,WR,NE,0.0,0.0,0.0,0.0,0.0,2.3,15.8,0.0,597.6,3.8,0.5
67,Dontayvion Wicks,WR,GB,0.0,0.0,0.0,0.0,0.0,0.3,4.3,0.0,575.2,4.4,0.5
68,Adonai Mitchell,WR,IND,0.0,0.0,0.0,0.0,0.0,0.7,4.8,0.0,629.3,3.6,0.8
69,Wan'Dale Robinson,WR,NYG,0.0,0.0,0.0,0.0,0.0,8.1,58.4,0.5,571.4,2.9,0.5
70,Josh Downs,WR,IND,0.0,0.0,0.0,0.0,0.0,0.0,5.0,0.0,632.0,3.2,0.5
71,Jermaine Burton,WR,CIN,0.0,0.0,0.0,0.0,0.0,1.0,5.7,0.0,591.4,3.8,0.4
72,Rashod Bateman,WR,BAL,0.0,0.0,0.0,0.0,0.0,0.3,4.8,0.0,599.1,3.5,0.2
73,Marvin Mims Jr.,WR,DEN,0.0,0.0,0.0,0.0,0.0,6.2,33.5,0.2,595.3,2.8,0.3
74,Michael Wilson,WR,ARI,0.0,0.0,0.0,0.0,0.0,0.0,1.3,0.0,591.9,3.4,0.2
75,Ja'Lynn Polk,WR,NE,0.0,0.0,0.0,0.0,0.0,0.7,5.8,0.0,614.5,2.8,0.4
76,Quentin Johnston,WR,LAC,0.0,0.0,0.0,0.0,0.0,1.7,6.9,0.0,554.3,3.5,0.2
77,Darius Slayton,WR,NYG,0.0,0.0,0.0,0.0,0.0,0.0,1.3,0.0,582.4,3.1,0.1
78,Malachi Corley,WR,NYJ,0.0,0.0,0.0,0.0,0.0,4.4,31.6,0.1,518.6,3.4,0.1
79,DJ Chark Jr.,WR,LAC,0.0,0.0,0.0,0.0,0.0,0.0,1.3,0.0,505.0,4.3,0.5
80,Odell Beckham Jr.,WR,MIA,0.0,0.0,0.0,0.0,0.0,0.0,2.3,0.0,510.1,3.4,0.4
81,Ricky Pearsall,WR,SF,0.0,0.0,0.0,0.0,0.0,2.2,14.5,0.1,485.8,3.5,0.7
82,Roman Wilson,WR,PIT,0.0,0.0,0.0,0.0,0.0,0.7,10.0,0.0,517.2,2.9,0.4
83,Troy Franklin,WR,DEN,0.0,0.0,0.0,0.0,0.0,1.0,5.0,0.0,517.1,3.1,0.7
84,Jalin Hyatt,WR,NYG,0.0,0.0,0.0,0.0,0.0,0.0,1.0,0.0,522.6,2.3,0.2
85,Rondale Moore,WR,ATL,0.0,0.0,0.0,0.0,0.0,16.7,92.9,0.8,364.0,2.5,0.2
86,Tyler Boyd,WR,TEN,0.0,0.0,0.0,0.0,0.0,1.3,7.5,0.0,501.7,2.3,0.5
87,Zay Jones,WR,ARI,0.0,0.0,0.0,0.0,0.0,0.3,3.0,0.0,454.7,2.9,0.5
88,Jalen McMillan,WR,TB,0.0,0.0,0.0,0.0,0.0,0.0,6.7,0.0,440.7,2.7,0.1
89,Tim Patrick,WR,DEN,0.0,0.0,0.0,0.0,0.0,0.0,1.0,0.0,419.4,3.1,0.1
90,Elijah Moore,WR,CLE,0.0,0.0,0.0,0.0,0.0,4.1,14.4,0.0,430.9,2.5,0.8
91,Trey Palmer,WR,TB,0.0,0.0,0.0,0.0,0.0,4.2,22.9,0.1,403.1,2.5,0.2
92,Josh Reynolds,WR,DEN,0.0,0.0,0.0,0.0,0.0,0.0,1.3,0.0,414.3,2.8,0.4
93,Luke McCaffrey,WR,WAS,0.0,0.0,0.0,0.0,0.0,2.0,13.6,0.1,433.4,2.1,0.1
94,Jalen Tolbert,WR,DAL,0.0,0.0,0.0,0.0,0.0,0.0,1.7,0.0,407.0,2.5,0.2
95,Greg Dortch,WR,ARI,0.0,0.0,0.0,0.0,0.0,3.2,21.0,0.1,361.4,2.3,0.1
96,Noah Brown,WR,HOU,0.0,0.0,0.0,0.0,0.0,0.3,0.8,0.0,390.5,2.1,0.1
97,Cedrick Wilson Jr.,WR,NO,0.0,0.0,0.0,0.0,0.0,0.3,2.3,0.0,308.0,2.6,0.1
98,A.T. Perry,WR,NO,0.0,0.0,0.0,0.0,0.0,0.3,2.0,0.0,317.0,2.4,0.0
99,Alec Pierce,WR,IND,0.0,0.0,0.0,0.0,0.0,0.0,1.0,0.0,340.9,2.0,0.0
100,Devontez Walker,WR,BAL,0.0,0.0,0.0,0.0,0.0,0.0,3.5,0.0,311.2,2.3,0.1
101,KaVontae Turpin,WR,DAL,0.0,0.0,0.0,0.0,0.0,8.7,66.9,0.4,210.0,2.6,0.4
102,Van Jefferson,WR,PIT,0.0,0.0,0.0,0.0,0.0,0.0,4.0,0.0,326.2,1.9,0.1
103,Nelson Agholor,WR,BAL,0.0,0.0,0.0,0.0,0.0,0.0,2.0,0.0,306.1,2.3,0.2
104,Jonathan Mingo,WR,CAR,0.0,0.0,0.0,0.0,0.0,0.0,2.0,0.0,342.0,1.6,0.1
105,Cedric Tillman,WR,CLE,0.0,0.0,0.0,0.0,0.0,0.0,1.7,0.0,303.2,1.9,0.1
106,Tre Tucker,WR,LV,0.0,0.0,0.0,0.0,0.0,0.0,11.7,0.0,306.1,1.6,0.2
107,Trenton Irwin,WR,CIN,0.0,0.0,0.0,0.0,0.0,0.0,1.5,0.0,277.9,1.8,0.1
108,Kalif Raymond,WR,DET,0.0,0.0,0.0,0.0,0.0,2.3,22.3,0.1,269.7,1.6,0.2
109,Javon Baker,WR,NE,0.0,0.0,0.0,0.0,0.0,0.0,9.5,0.0,268.8,1.8,0.0
110,Treylon Burks,WR,TEN,0.0,0.0,0.0,0.0,0.0,1.8,14.4,0.0,279.6,1.3,0.6
111,Brandon Johnson,WR,DEN,0.0,0.0,0.0,0.0,0.0,0.0,3.7,0.0,211.5,2.5,0.0
112,K.J. Osborn,WR,NE,0.0,0.0,0.0,0.0,0.0,0.0,2.0,0.0,268.1,1.5,0.1
113,Andrei Iosivas,WR,CIN,0.0,0.0,0.0,0.0,0.0,0.0,2.0,0.0,244.8,1.9,0.1
114,Calvin Austin III,WR,PIT,0.0,0.0,0.0,0.0,0.0,4.5,31.9,0.1,235.6,1.2,0.1
115,Marquez Callaway,WR,PIT,0.0,0.0,0.0,0.0,0.0,0.0,0.0,0.0,243.6,1.6,0.0
116,Tutu Atwell,WR,LAR,0.0,0.0,0.0,0.0,0.0,2.2,14.1,0.1,243.1,1.3,0.1
117,Robert Woods,WR,HOU,0.0,0.0,0.0,0.0,0.0,1.0,5.7,0.0,242.4,1.4,0.0
118,Parker Washington,WR,JAC,0.0,0.0,0.0,0.0,0.0,0.0,4.0,0.0,223.7,1.6,0.0
119,KhaDarel Hodge,WR,ATL,0.0,0.0,0.0,0.0,0.0,0.0,0.0,0.0,238.6,1.5,0.2
120,Malik Washington,WR,MIA,0.0,0.0,0.0,0.0,0.0,2.1,18.8,0.1,213.2,1.4,0.0
121,Brenden Rice,WR,LAC,0.0,0.0,0.0,0.0,0.0,0.0,6.0,0.0,246.0,1.0,0.0
122,Xavier Gipson,WR,NYJ,0.0,0.0,0.0,0.0,0.0,4.6,32.5,0.2,187.8,1.3,0.1
123,Bub Means,WR,NO,0.0,0.0,0.0,0.0,0.0,0.0,0.0,0.0,217.9,1.5,0.1
124,Brandon Powell,WR,MIN,0.0,0.0,0.0,0.0,0.0,1.9,14.7,0.0,208.1,1.3,0.1
125,Jake Bobo,WR,SEA,0.0,0.0,0.0,0.0,0.0,4.2,18.7,0.2,194.6,1.3,0.1
126,JuJu Smith-Schuster,WR,NE,0.0,0.0,0.0,0.0,0.0,0.0,1.3,0.0,222.0,1.1,0.1
127,Jauan Jennings,WR,SF,0.0,0.0,0.0,0.0,0.0,0.0,2.0,0.0,189.3,1.3,0.1
128,Marquez Valdes-Scantling,WR,BUF,0.0,0.0,0.0,0.0,0.0,0.0,1.3,0.0,191.2,1.3,0.1
129,Justin Watson,WR,KC,0.0,0.0,0.0,0.0,0.0,0.0,0.0,0.0,179.6,1.4,0.1
130,Mack Hollins,WR,BUF,0.0,0.0,0.0,0.0,0.0,0.0,0.0,0.0,172.3,1.2,0.0
131,Deven Thompkins,WR,CAR,0.0,0.0,0.0,0.0,0.0,0.0,36.0,0.0,139.0,1.0,0.0
132,Ryan Flournoy,WR,DAL,0.0,0.0,0.0,0.0,0.0,0.0,0.0,0.0,156.3,1.2,0.1
133,Jamison Crowder,WR,WAS,0.0,0.0,0.0,0.0,0.0,0.0,0.0,0.0,183.4,0.7,0.3
134,Dyami Brown,WR,WAS,0.0,0.0,0.0,0.0,0.0,0.0,2.0,0.0,158.7,1.0,0.1
135,Jamari Thrash,WR,CLE,0.0,0.0,0.0,0.0,0.0,0.0,6.0,0.0,141.0,1.0,0.0
136,Tyler Scott,WR,CHI,0.0,0.0,0.0,0.0,0.0,2.1,20.6,0.1,128.4,0.9,0.0
137,Jacob Cowing,WR,SF,0.0,0.0,0.0,0.0,0.0,0.0,6.0,0.0,134.0,1.0,0.0
138,Allen Lazard,WR,NYJ,0.0,0.0,0.0,0.0,0.0,0.0,1.0,0.0,134.0,1.0,0.0
139,Marcus Rosemy-Jacksaint,WR,WAS,0.0,0.0,0.0,0.0,0.0,0.0,6.0,0.0,126.0,1.0,0.0
140,Derius Davis,WR,LAC,0.0,0.0,0.0,0.0,0.0,6.7,38.6,0.1,106.5,0.7,0.1
141,Mecole Hardman Jr.,WR,KC,0.0,0.0,0.0,0.0,0.0,0.0,18.5,0.0,125.5,0.7,0.0
142,Ainias Smith,WR,PHI,0.0,0.0,0.0,0.0,0.0,0.0,3.0,0.0,128.2,0.9,0.0
143,Quez Watkins,WR,PIT,0.0,0.0,0.0,0.0,0.0,0.0,2.5,0.0,137.3,0.7,0.0
144,Kadarius Toney,WR,KC,0.0,0.0,0.0,0.0,0.0,7.5,44.3,0.2,87.1,0.6,0.1
145,Chris Moore,WR,ARI,0.0,0.0,0.0,0.0,0.0,0.0,8.0,0.0,134.1,0.6,0.0
146,Jordan Whittington,WR,LAR,0.0,0.0,0.0,0.0,0.0,0.0,0.0,0.0,131.1,0.8,0.1
147,David Bell,WR,CLE,0.0,0.0,0.0,0.0,0.0,0.0,1.7,0.0,131.6,0.7,0.0
148,Ray-Ray McCloud III,WR,ATL,0.0,0.0,0.0,0.0,0.0,2.4,15.5,0.1,106.0,0.8,0.1
149,Parris Campbell,WR,PHI,0.0,0.0,0.0,0.0,0.0,0.0,1.7,0.0,123.9,0.8,0.1
150,Johnny Wilson,WR,PHI,0.0,0.0,0.0,0.0,0.0,0.0,2.5,0.0,121.4,0.7,0.0
151,Trent Sherfield Sr.,WR,MIN,0.0,0.0,0.0,0.0,0.0,0.0,1.3,0.0,121.6,0.7,0.0
152,Olamide Zaccheaus,WR,WAS,0.0,0.0,0.0,0.0,0.0,0.0,2.5,0.0,118.7,0.7,0.0
153,Chase Claypool,WR,BUF,0.0,0.0,0.0,0.0,0.0,0.0,2.5,0.0,111.7,0.8,0.0
154,Donovan Peoples-Jones,WR,DET,0.0,0.0,0.0,0.0,0.0,0.0,1.3,0.0,120.1,0.7,0.0
155,Danny Gray,WR,SF,0.0,0.0,0.0,0.0,0.0,0.0,4.0,0.0,94.0,1.0,0.0
156,D.J. Montgomery,WR,IND,0.0,0.0,0.0,0.0,0.0,0.0,3.0,0.0,114.8,0.6,0.0
157,Skyy Moore,WR,KC,0.0,0.0,0.0,0.0,0.0,0.0,3.0,0.0,103.0,0.8,0.0
158,Isaiah Hodgins,WR,NYG,0.0,0.0,0.0,0.0,0.0,0.0,2.0,0.0,108.8,0.6,0.0
159,Xavier Hutchinson,WR,HOU,0.0,0.0,0.0,0.0,0.0,0.0,9.5,0.0,98.5,0.6,0.0
160,Allen Robinson II,WR,NYG,0.0,0.0,0.0,0.0,0.0,0.0,1.3,0.0,100.5,0.7,0.1
161,Jason Brownlee,WR,NYJ,0.0,0.0,0.0,0.0,0.0,0.0,1.0,0.0,94.1,0.7,0.1
162,Rakim Jarrett,WR,TB,0.0,0.0,0.0,0.0,0.0,0.0,5.0,0.0,97.3,0.6,0.0
163,Ashton Dulin,WR,IND,0.0,0.0,0.0,0.0,0.0,0.0,2.0,0.0,90.1,0.8,0.0
164,David Moore,WR,CAR,0.0,0.0,0.0,0.0,0.0,0.0,1.7,0.0,100.6,0.6,0.1
165,Braxton Berrios,WR,MIA,0.0,0.0,0.0,0.0,0.0,0.0,4.0,0.0,100.7,0.5,0.0
166,Devin Duvernay,WR,JAC,0.0,0.0,0.0,0.0,0.0,3.3,16.9,0.1,82.5,0.4,0.1
167,Kayshon Boutte,WR,NE,0.0,0.0,0.0,0.0,0.0,0.0,2.5,0.0,88.1,0.6,0.0
168,Nick Westbrook-Ikhine,WR,TEN,0.0,0.0,0.0,0.0,0.0,0.0,1.3,0.0,94.1,0.5,0.0
169,Kyle Philips,WR,TEN,0.0,0.0,0.0,0.0,0.0,0.0,2.0,0.0,104.1,0.3,0.0
170,Bo Melton,WR,GB,0.0,0.0,0.0,0.0,0.0,1.1,6.5,0.0,79.3,0.6,0.1
171,John Metchie III,WR,HOU,0.0,0.0,0.0,0.0,0.0,0.0,2.7,0.0,81.5,0.5,0.0
172,Tyquan Thornton,WR,NE,0.0,0.0,0.0,0.0,0.0,0.0,4.0,0.0,76.7,0.6,0.0
173,Justyn Ross,WR,KC,0.0,0.0,0.0,0.0,0.0,0.0,0.0,0.0,73.1,0.7,0.0
174,Ronnie Bell,WR,SF,0.0,0.0,0.0,0.0,0.0,0.0,2.0,0.0,75.9,0.6,0.0
175,Zach Pascal,WR,ARI,0.0,0.0,0.0,0.0,0.0,0.0,2.0,0.0,75.7,0.6,0.0
176,KJ Hamler,WR,BUF,0.0,0.0,0.0,0.0,0.0,0.0,2.5,0.0,74.3,0.6,0.0
177,Deonte Harty,WR,BAL,0.0,0.0,0.0,0.0,0.0,0.0,5.0,0.0,70.6,0.6,0.0
178,Laviska Shenault Jr.,WR,SEA,0.0,0.0,0.0,0.0,0.0,3.2,28.9,0.1,61.6,0.2,0.1
179,Charlie Jones,WR,CIN,0.0,0.0,0.0,0.0,0.0,0.0,1.7,0.0,76.0,0.5,0.0
180,Michael Woods II,WR,CLE,0.0,0.0,0.0,0.0,0.0,0.0,2.0,0.0,68.8,0.6,0.0
181,Isaiah McKenzie,WR,NYG,0.0,0.0,0.0,0.0,0.0,3.8,16.9,0.1,57.1,0.4,0.1
182,Sterling Shepard,WR,TB,0.0,0.0,0.0,0.0,0.0,0.0,0.0,0.0,76.2,0.5,0.1
183,Ben Skowronek,WR,HOU,0.0,0.0,0.0,0.0,0.0,0.0,2.0,0.0,65.9,0.6,0.0
184,Chris Conley,WR,SF,0.0,0.0,0.0,0.0,0.0,0.0,2.0,0.0,64.9,0.6,0.0
185,Dee Eskridge,WR,SEA,0.0,0.0,0.0,0.0,0.0,4.3,15.4,0.1,64.8,0.3,0.0
186,Malik Heath,WR,GB,0.0,0.0,0.0,0.0,0.0,0.0,1.5,0.0,64.6,0.6,0.0
187,Jalen Guyton,WR,LV,0.0,0.0,0.0,0.0,0.0,0.0,1.3,0.0,67.9,0.5,0.0
188,Jalen Brooks,WR,DAL,0.0,0.0,0.0,0.0,0.0,0.0,0.0,0.0,65.1,0.5,0.1
189,Tim Jones,WR,JAC,0.0,0.0,0.0,0.0,0.0,0.0,2.0,0.0,56.9,0.6,0.0
190,Jalen Reagor,WR,NE,0.0,0.0,0.0,0.0,0.0,1.0,5.3,0.0,60.6,0.5,0.0
191,Equanimeous St. Brown,WR,NO,0.0,0.0,0.0,0.0,0.0,0.0,2.0,0.0,56.7,0.6,0.0
192,Anthony Gould,WR,IND,0.0,0.0,0.0,0.0,0.0,0.0,0.0,0.0,70.0,0.3,0.0
193,Tyler Johnson,WR,LAR,0.0,0.0,0.0,0.0,0.0,0.0,0.0,0.0,60.5,0.4,0.1
194,Scotty Miller,WR,PIT,0.0,0.0,0.0,0.0,0.0,0.0,2.0,0.0,66.3,0.2,0.0
195,Simi Fehoko,WR,LAC,0.0,0.0,0.0,0.0,0.0,0.0,0.0,0.0,60.4,0.3,0.0
196,Damiere Byrd,WR,WAS,0.0,0.0,0.0,0.0,0.0,0.0,2.0,0.0,65.0,0.2,0.0
197,Jalen Nailor,WR,MIN,0.0,0.0,0.0,0.0,0.0,0.0,0.0,0.0,55.7,0.3,0.1
198,Terrace Marshall Jr.,WR,CAR,0.0,0.0,0.0,0.0,0.0,0.0,2.0,0.0,61.1,0.1,0.0
199,Phillip Dorsett II,WR,DEN,0.0,0.0,0.0,0.0,0.0,0.0,0.0,0.0,47.4,0.3,0.0
200,Josh Ali,WR,ATL,0.0,0.0,0.0,0.0,0.0,0.0,0.0,0.0,43.6,0.3,0.0
201,Racey McMath,WR,DAL,0.0,0.0,0.0,0.0,0.0,0.0,0.0,0.0,42.7,0.4,0.0
202,Tylan Wallace,WR,BAL,0.0,0.0,0.0,0.0,0.0,0.0,2.0,0.0,50.7,0.1,0.0
203,Ihmir Smith-Marsette,WR,CAR,0.0,0.0,0.0,0.0,0.0,2.1,14.1,0.1,28.6,0.1,0.1
204,River Cracraft,WR,MIA,0.0,0.0,0.0,0.0,0.0,0.0,0.0,0.0,42.1,0.2,0.0
205,Dareke Young,WR,SEA,0.0,0.0,0.0,0.0,0.0,0.0,0.0,0.0,39.8,0.3,0.0
206,Easop Winston Jr.,WR,SEA,0.0,0.0,0.0,0.0,0.0,0.0,0.0,0.0,39.5,0.3,0.0
207,Denzel Mims,WR,JAC,0.0,0.0,0.0,0.0,0.0,0.0,0.0,0.0,39.8,0.2,0.0
208,Dax Milne,WR,WAS,0.0,0.0,0.0,0.0,0.0,0.0,0.0,0.0,39.5,0.2,0.0
209,Jaelon Darden,WR,CLE,0.0,0.0,0.0,0.0,0.0,0.0,0.0,0.0,37.1,0.2,0.0
210,James Proche II,WR,CLE,0.0,0.0,0.0,0.0,0.0,0.0,0.0,0.0,36.9,0.2,0.0
211,Lil'Jordan Humphrey,WR,DEN,0.0,0.0,0.0,0.0,0.0,0.0,0.0,0.0,36.5,0.2,0.0
212,Miles Boykin,WR,NYG,0.0,0.0,0.0,0.0,0.0,0.0,0.0,0.0,35.9,0.2,0.0
213,David Sills,WR,DEN,0.0,0.0,0.0,0.0,0.0,0.0,0.0,0.0,32.8,0.2,0.0
214,Tre'Quan Smith,WR,DET,0.0,0.0,0.0,0.0,0.0,0.0,0.0,0.0,24.4,0.2,0.0
215,Andy Isabella,WR,BUF,0.0,0.0,0.0,0.0,0.0,0.0,0.0,0.0,23.3,0.2,0.0
216,Tom Kennedy,WR,DET,0.0,0.0,0.0,0.0,0.0,0.0,0.0,0.0,22.2,0.2,0.0
217,Austin Mack,WR,ATL,0.0,0.0,0.0,0.0,0.0,0.0,0.0,0.0,22.0,0.2,0.0
218,Daurice Fountain,WR,DET,0.0,0.0,0.0,0.0,0.0,0.0,0.0,0.0,22.0,0.2,0.0
219,Maurice Alexander,WR,DET,0.0,0.0,0.0,0.0,0.0,0.0,0.0,0.0,21.9,0.2,0.0
220,Antoine Green,WR,DET,0.0,0.0,0.0,0.0,0.0,0.0,0.0,0.0,21.8,0.2,0.0
221,Samori Toure,WR,GB,0.0,0.0,0.0,0.0,0.0,0.0,0.0,0.0,21.2,0.2,0.0
222,Montrell Washington,WR,KC,0.0,0.0,0.0,0.0,0.0,0.0,0.0,0.0,21.2,0.2,0.0
223,Dante Pettis,WR,CHI,0.0,0.0,0.0,0.0,0.0,0.0,0.0,0.0,20.9,0.2,0.0
224,Collin Johnson,WR,CHI,0.0,0.0,0.0,0.0,0.0,0.0,0.0,0.0,20.2,0.2,0.0
225,Braylon Sanders,WR,MIA,0.0,0.0,0.0,0.0,0.0,0.0,0.0,0.0,20.2,0.2,0.0
226,Erik Ezukanma,WR,MIA,0.0,0.0,0.0,0.0,0.0,0.0,0.0,0.0,20.1,0.2,0.0
227,Nsimba Webster,WR,CHI,0.0,0.0,0.0,0.0,0.0,0.0,0.0,0.0,19.9,0.2,0.0
228,Anthony Schwartz,WR,MIA,0.0,0.0,0.0,0.0,0.0,0.0,0.0,0.0,19.9,0.2,0.0
229,Seth Williams,WR,JAC,0.0,0.0,0.0,0.0,0.0,0.0,0.0,0.0,19.9,0.2,0.0
230,Shedrick Jackson,WR,CIN,0.0,0.0,0.0,0.0,0.0,0.0,0.0,0.0,19.9,0.2,0.0
231,Kwamie Lassiter II,WR,CIN,0.0,0.0,0.0,0.0,0.0,0.0,0.0,0.0,19.9,0.2,0.0
232,Velus Jones Jr.,WR,CHI,0.0,0.0,0.0,0.0,0.0,0.0,0.0,0.0,19.8,0.2,0.0
233,Elijah Cooks,WR,JAC,0.0,0.0,0.0,0.0,0.0,0.0,0.0,0.0,19.7,0.2,0.0
234,Stanley Morgan Jr.,WR,NO,0.0,0.0,0.0,0.0,0.0,0.0,0.0,0.0,19.6,0.2,0.0
235,Cephus Johnson III,WR,TB,0.0,0.0,0.0,0.0,0.0,0.0,0.0,0.0,19.6,0.2,0.0
236,Cody White,WR,SEA,0.0,0.0,0.0,0.0,0.0,0.0,0.0,0.0,19.5,0.2,0.0
237,Irvin Charles,WR,NYJ,0.0,0.0,0.0,0.0,0.0,0.0,0.0,0.0,18.8,0.2,0.0
238,Mason Kinsey,WR,TEN,0.0,0.0,0.0,0.0,0.0,0.0,0.0,0.0,18.8,0.2,0.0
239,Colton Dowell,WR,TEN,0.0,0.0,0.0,0.0,0.0,0.0,0.0,0.0,18.8,0.2,0.0
240,Malik Taylor,WR,NYJ,0.0,0.0,0.0,0.0,0.0,0.0,0.0,0.0,18.7,0.2,0.0
241,Lance McCutcheon,WR,NYJ,0.0,0.0,0.0,0.0,0.0,0.0,0.0,0.0,18.6,0.2,0.0
242,Tyrie Cleveland,WR,IND,0.0,0.0,0.0,0.0,0.0,0.0,0.0,0.0,18.5,0.2,0.0
243,Jacob Harris,WR,PHI,0.0,0.0,0.0,0.0,0.0,0.0,0.0,0.0,18.5,0.2,0.0
244,Britain Covey,WR,PHI,0.0,0.0,0.0,0.0,0.0,0.0,0.0,0.0,18.5,0.2,0.0
245,DJ Turner,WR,LV,0.0,0.0,0.0,0.0,0.0,0.0,0.0,0.0,18.2,0.2,0.0
246,Kristian Wilkerson,WR,LV,0.0,0.0,0.0,0.0,0.0,0.0,0.0,0.0,18.2,0.2,0.0
247,Juwann Winfree,WR,IND,0.0,0.0,0.0,0.0,0.0,0.0,0.0,0.0,18.2,0.2,0.0
248,Trishton Jackson,WR,MIN,0.0,0.0,0.0,0.0,0.0,0.0,0.0,0.0,18.0,0.2,0.0
249,N'Keal Harry,WR,MIN,0.0,0.0,0.0,0.0,0.0,0.0,0.0,0.0,17.3,0.2,0.0
250,Cam Sims,WR,CAR,0.0,0.0,0.0,0.0,0.0,0.0,0.0,0.0,20.9,0.1,0.0
251,Dez Fitzpatrick,WR,PIT,0.0,0.0,0.0,0.0,0.0,0.0,0.0,0.0,16.5,0.2,0.0
252,Jalen Virgil,WR,DEN,0.0,0.0,0.0,0.0,0.0,0.0,0.0,0.0,17.3,0.2,0.0
253,Andre Baccellia,WR,ARI,0.0,0.0,0.0,0.0,0.0,0.0,0.0,0.0,16.8,0.2,0.0
254,Jalen Camp,WR,CLE,0.0,0.0,0.0,0.0,0.0,0.0,0.0,0.0,19.2,0.1,0.0
255,Mike Strachan,WR,CAR,0.0,0.0,0.0,0.0,0.0,0.0,0.0,0.0,19.7,0.1,0.0
256,Jeff Smith,WR,ARI,0.0,0.0,0.0,0.0,0.0,0.0,0.0,0.0,16.9,0.1,0.0
257,Gunner Olszewski,WR,NYG,0.0,0.0,0.0,0.0,0.0,0.0,0.0,0.0,17.7,0.1,0.0
258,Kawaan Baker,WR,NE,0.0,0.0,0.0,0.0,0.0,0.0,0.0,0.0,19.4,0.1,0.0
259,Quintez Cephus,WR,HOU,0.0,0.0,0.0,0.0,0.0,0.0,0.0,0.0,1.5,0.1,0.0
0,Travis Kelce,TE,KC,0.0,0.0,0.0,0.0,0.0,0.0,0.0,0.0,971.4,7.5,0.8
1,Sam LaPorta,TE,DET,0.0,0.0,0.0,0.0,0.0,0.0,0.0,0.0,893.6,7.9,0.4
2,Mark Andrews,TE,BAL,0.0,0.0,0.0,0.0,0.0,0.0,0.0,0.0,880.1,7.9,0.5
3,George Kittle,TE,SF,0.0,0.0,0.0,0.0,0.0,0.0,0.0,0.0,879.7,6.0,0.4
4,Kyle Pitts,TE,ATL,0.0,0.0,0.0,0.0,0.0,0.0,0.0,0.0,876.2,5.2,0.4
5,Trey McBride,TE,ARI,0.0,0.0,0.0,0.0,0.0,0.0,0.0,0.0,883.2,5.1,0.5
6,Dalton Kincaid,TE,BUF,0.0,0.0,0.0,0.0,0.0,0.0,0.0,0.0,822.8,5.4,0.8
7,Jake Ferguson,TE,DAL,0.0,0.0,0.0,0.0,0.0,0.0,0.0,0.0,737.5,5.9,0.4
8,David Njoku,TE,CLE,0.0,0.0,0.0,0.0,0.0,0.0,0.0,0.0,764.4,5.4,1.2
9,Evan Engram,TE,JAC,0.0,0.0,0.0,0.0,0.0,0.0,0.0,0.0,786.3,4.4,0.9
10,Brock Bowers,TE,LV,0.0,0.0,0.0,0.0,0.0,0.0,0.0,0.0,689.5,4.6,1.1
11,Dallas Goedert,TE,PHI,0.0,0.0,0.0,0.0,0.0,0.0,0.0,0.0,703.5,4.1,0.5
12,Dalton Schultz,TE,HOU,0.0,0.0,0.0,0.0,0.0,0.0,0.0,0.0,613.8,4.9,0.8
13,Pat Freiermuth,TE,PIT,0.0,0.0,0.0,0.0,0.0,0.0,0.0,0.0,613.4,4.6,0.5
14,Cole Kmet,TE,CHI,0.0,0.0,0.0,0.0,0.0,0.0,0.0,0.0,590.1,4.4,0.5
15,T.J. Hockenson,TE,MIN,0.0,0.0,0.0,0.0,0.0,0.0,0.0,0.0,618.9,3.6,0.8
16,Taysom Hill,TE,NO,0.0,0.0,0.0,0.0,0.0,0.0,0.0,0.0,271.7,2.1,0.7
17,Tyler Conklin,TE,NYJ,0.0,0.0,0.0,0.0,0.0,0.0,0.0,0.0,529.8,3.4,0.1
18,Hunter Henry,TE,NE,0.0,0.0,0.0,0.0,0.0,0.0,0.0,0.0,458.9,4.0,0.1
19,Luke Musgrave,TE,GB,0.0,0.0,0.0,0.0,0.0,0.0,0.0,0.0,491.5,3.4,0.1
20,Juwan Johnson,TE,NO,0.0,0.0,0.0,0.0,0.0,0.0,0.0,0.0,440.2,4.2,0.1
21,Chigoziem Okonkwo,TE,TEN,0.0,0.0,0.0,0.0,0.0,0.0,0.0,0.0,532.0,2.6,0.4
22,Cade Otton,TE,TB,0.0,0.0,0.0,0.0,0.0,0.0,0.0,0.0,477.9,3.5,0.4
23,Noah Fant,TE,SEA,0.0,0.0,0.0,0.0,0.0,0.0,0.0,0.0,461.6,2.8,0.1
24,Isaiah Likely,TE,BAL,0.0,0.0,0.0,0.0,0.0,0.0,0.0,0.0,381.8,3.7,0.0
25,Hayden Hurst,TE,LAC,0.0,0.0,0.0,0.0,0.0,0.0,0.0,0.0,376.8,2.8,0.1
26,Ben Sinnott,TE,WAS,0.0,0.0,0.0,0.0,0.0,0.0,0.0,0.0,390.0,2.6,0.4
27,Tucker Kraft,TE,GB,0.0,0.0,0.0,0.0,0.0,0.0,0.0,0.0,374.5,2.7,0.1
28,Jonnu Smith,TE,MIA,0.0,0.0,0.0,0.0,0.0,0.0,0.0,0.0,379.3,2.4,0.4
29,Mike Gesicki,TE,CIN,0.0,0.0,0.0,0.0,0.0,0.0,0.0,0.0,335.6,3.0,0.0
30,Dawson Knox,TE,BUF,0.0,0.0,0.0,0.0,0.0,0.0,0.0,0.0,295.1,3.3,0.1
31,Tyler Higbee,TE,LAR,0.0,0.0,0.0,0.0,0.0,0.0,0.0,0.0,353.9,2.1,0.1
32,Greg Dulcich,TE,DEN,0.0,0.0,0.0,0.0,0.0,0.0,0.0,0.0,360.5,1.9,0.1
33,Daniel Bellinger,TE,NYG,0.0,0.0,0.0,0.0,0.0,0.0,0.0,0.0,332.7,2.0,0.1
34,Colby Parkinson,TE,LAR,0.0,0.0,0.0,0.0,0.0,0.0,0.0,0.0,304.4,2.4,0.1
35,Ja'Tavion Sanders,TE,CAR,0.0,0.0,0.0,0.0,0.0,0.0,0.0,0.0,311.5,2.3,0.4
36,Donald Parham Jr.,TE,LAC,0.0,0.0,0.0,0.0,0.0,0.0,0.0,0.0,254.5,3.0,0.0
37,Zach Ertz,TE,WAS,0.0,0.0,0.0,0.0,0.0,0.0,0.0,0.0,289.1,2.3,0.1
38,Tommy Tremble,TE,CAR,0.0,0.0,0.0,0.0,0.0,0.0,0.0,0.0,260.3,2.6,0.1
39,Michael Mayer,TE,LV,0.0,0.0,0.0,0.0,0.0,0.0,0.0,0.0,289.9,1.9,0.1
40,Jaheim Bell,TE,NE,0.0,0.0,0.0,0.0,0.0,0.0,0.0,0.0,253.0,2.0,0.0
41,Theo Johnson,TE,NYG,0.0,0.0,0.0,0.0,0.0,0.0,0.0,0.0,273.7,1.8,0.6
42,Jelani Woods,TE,IND,0.0,0.0,0.0,0.0,0.0,0.0,0.0,0.0,264.1,1.8,0.1
43,Gerald Everett,TE,CHI,0.0,0.0,0.0,0.0,0.0,0.0,0.0,0.0,241.6,1.8,0.1
44,Kylen Granson,TE,IND,0.0,0.0,0.0,0.0,0.0,0.0,0.0,0.0,258.6,1.5,0.0
45,Noah Gray,TE,KC,0.0,0.0,0.0,0.0,0.0,0.0,0.0,0.0,241.2,1.7,0.1
46,Tanner Hudson,TE,CIN,0.0,0.0,0.0,0.0,0.0,0.0,0.0,0.0,229.5,1.7,0.1
47,Brevin Jordan,TE,HOU,0.0,0.0,0.0,0.0,0.0,0.0,0.0,0.0,188.0,1.9,0.0
48,Will Dissly,TE,LAC,0.0,0.0,0.0,0.0,0.0,0.0,0.0,0.0,212.6,1.4,0.1
49,Logan Thomas,TE,SF,0.0,0.0,0.0,0.0,0.0,0.0,0.0,0.0,182.7,1.8,0.4
50,Will Mallory,TE,IND,0.0,0.0,0.0,0.0,0.0,0.0,0.0,0.0,192.8,1.5,0.0
51,Cade Stover,TE,HOU,0.0,0.0,0.0,0.0,0.0,0.0,0.0,0.0,182.5,1.5,0.0
52,Durham Smythe,TE,MIA,0.0,0.0,0.0,0.0,0.0,0.0,0.0,0.0,190.3,1.3,0.0
53,Mo Alie-Cox,TE,IND,0.0,0.0,0.0,0.0,0.0,0.0,0.0,0.0,155.6,1.8,0.0
54,Johnny Mundt,TE,MIN,0.0,0.0,0.0,0.0,0.0,0.0,0.0,0.0,185.9,1.2,0.0
55,Robert Tonyan,TE,MIN,0.0,0.0,0.0,0.0,0.0,0.0,0.0,0.0,177.5,1.3,0.0
56,Adam Trautman,TE,DEN,0.0,0.0,0.0,0.0,0.0,0.0,0.0,0.0,162.6,1.5,0.0
57,Brock Wright,TE,DET,0.0,0.0,0.0,0.0,0.0,0.0,0.0,0.0,149.5,1.5,0.1
58,Elijah Higgins,TE,ARI,0.0,0.0,0.0,0.0,0.0,0.0,0.0,0.0,177.9,1.0,0.0
59,Jeremy Ruckert,TE,NYJ,0.0,0.0,0.0,0.0,0.0,0.0,0.0,0.0,161.4,1.2,0.1
60,Austin Hooper,TE,NE,0.0,0.0,0.0,0.0,0.0,0.0,0.0,0.0,163.6,0.9,0.0
61,Josh Oliver,TE,MIN,0.0,0.0,0.0,0.0,0.0,0.0,0.0,0.0,149.7,1.2,0.4
62,Davis Allen,TE,LAR,0.0,0.0,0.0,0.0,0.0,0.0,0.0,0.0,144.9,1.1,0.0
63,Foster Moreau,TE,NO,0.0,0.0,0.0,0.0,0.0,0.0,0.0,0.0,138.8,1.0,0.0
64,Stephen Sullivan,TE,CAR,0.0,0.0,0.0,0.0,0.0,0.0,0.0,0.0,146.8,0.8,0.0
65,Devin Culp,TE,TB,0.0,0.0,0.0,0.0,0.0,0.0,0.0,0.0,135.0,1.0,0.0
66,Izaiah Gathings,TE,KC,0.0,0.0,0.0,0.0,0.0,0.0,0.0,0.0,129.0,1.0,0.0
67,Pharaoh Brown,TE,SEA,0.0,0.0,0.0,0.0,0.0,0.0,0.0,0.0,132.0,0.9,0.0
68,Jack Stoll,TE,NYG,0.0,0.0,0.0,0.0,0.0,0.0,0.0,0.0,129.8,0.9,0.0
69,Trey Knox,TE,MIN,0.0,0.0,0.0,0.0,0.0,0.0,0.0,0.0,125.0,1.0,0.0
70,Dallin Holker,TE,NO,0.0,0.0,0.0,0.0,0.0,0.0,0.0,0.0,124.0,1.0,0.0
71,Tanner McLachlan,TE,CIN,0.0,0.0,0.0,0.0,0.0,0.0,0.0,0.0,123.5,1.0,0.0
72,Brayden Willis,TE,SF,0.0,0.0,0.0,0.0,0.0,0.0,0.0,0.0,121.0,1.0,0.0
73,Cameron Latu,TE,SF,0.0,0.0,0.0,0.0,0.0,0.0,0.0,0.0,121.0,1.0,0.0
74,Connor Heyward,TE,PIT,0.0,0.0,0.0,0.0,0.0,0.0,0.0,0.0,137.7,0.7,0.0
75,Peyton Hendershot,TE,DAL,0.0,0.0,0.0,0.0,0.0,0.0,0.0,0.0,117.8,1.0,0.0
76,Luke Schoonmaker,TE,DAL,0.0,0.0,0.0,0.0,0.0,0.0,0.0,0.0,111.2,1.1,0.0
77,AJ Barner,TE,SEA,0.0,0.0,0.0,0.0,0.0,0.0,0.0,0.0,123.9,0.8,0.0
78,Teagan Quitoriano,TE,HOU,0.0,0.0,0.0,0.0,0.0,0.0,0.0,0.0,100.6,1.1,0.0
79,Josh Whyle,TE,TEN,0.0,0.0,0.0,0.0,0.0,0.0,0.0,0.0,125.3,0.7,0.0
80,Darnell Washington,TE,PIT,0.0,0.0,0.0,0.0,0.0,0.0,0.0,0.0,112.1,0.9,0.0
81,Travis Vokolek,TE,ARI,0.0,0.0,0.0,0.0,0.0,0.0,0.0,0.0,102.0,1.0,0.0
82,Eric Saubert,TE,SF,0.0,0.0,0.0,0.0,0.0,0.0,0.0,0.0,98.0,1.0,0.0
83,Irv Smith Jr.,TE,KC,0.0,0.0,0.0,0.0,0.0,0.0,0.0,0.0,100.1,1.0,0.0
84,Ross Dwelley,TE,ATL,0.0,0.0,0.0,0.0,0.0,0.0,0.0,0.0,105.5,0.8,0.0
85,Jordan Akins,TE,CLE,0.0,0.0,0.0,0.0,0.0,0.0,0.0,0.0,102.3,0.9,0.0
86,Drew Ogletree,TE,IND,0.0,0.0,0.0,0.0,0.0,0.0,0.0,0.0,107.3,0.8,0.1
87,Brenton Strange,TE,JAC,0.0,0.0,0.0,0.0,0.0,0.0,0.0,0.0,92.0,1.0,0.0
88,Erick All Jr.,TE,CIN,0.0,0.0,0.0,0.0,0.0,0.0,0.0,0.0,103.8,0.8,0.0
89,Tip Reiman,TE,ARI,0.0,0.0,0.0,0.0,0.0,0.0,0.0,0.0,99.2,0.8,0.0
90,Jared Wiley,TE,KC,0.0,0.0,0.0,0.0,0.0,0.0,0.0,0.0,98.8,0.8,0.0
91,Stone Smartt,TE,LAC,0.0,0.0,0.0,0.0,0.0,0.0,0.0,0.0,99.2,0.8,0.0
92,Lucas Krull,TE,DEN,0.0,0.0,0.0,0.0,0.0,0.0,0.0,0.0,101.5,0.7,0.0
93,Drew Sample,TE,CIN,0.0,0.0,0.0,0.0,0.0,0.0,0.0,0.0,97.4,0.7,0.0
94,Payne Durham,TE,TB,0.0,0.0,0.0,0.0,0.0,0.0,0.0,0.0,96.7,0.7,0.0
95,Quintin Morris,TE,BUF,0.0,0.0,0.0,0.0,0.0,0.0,0.0,0.0,73.6,1.1,0.0
96,Ian Thomas,TE,CAR,0.0,0.0,0.0,0.0,0.0,0.0,0.0,0.0,109.4,0.5,0.0
97,MyCole Pruitt,TE,PIT,0.0,0.0,0.0,0.0,0.0,0.0,0.0,0.0,67.6,1.1,0.0
98,Luke Farrell,TE,JAC,0.0,0.0,0.0,0.0,0.0,0.0,0.0,0.0,88.3,0.7,0.0
99,James Mitchell,TE,DET,0.0,0.0,0.0,0.0,0.0,0.0,0.0,0.0,83.3,0.7,0.0
100,Ben Sims,TE,GB,0.0,0.0,0.0,0.0,0.0,0.0,0.0,0.0,56.5,1.1,0.0
101,Miller Forristall,TE,LAR,0.0,0.0,0.0,0.0,0.0,0.0,0.0,0.0,78.3,0.6,0.0
102,Harrison Bryant,TE,LV,0.0,0.0,0.0,0.0,0.0,0.0,0.0,0.0,77.1,0.6,0.0
103,Grant Calcaterra,TE,PHI,0.0,0.0,0.0,0.0,0.0,0.0,0.0,0.0,76.6,0.6,0.0
104,Armani Rogers,TE,WAS,0.0,0.0,0.0,0.0,0.0,0.0,0.0,0.0,69.3,0.6,0.0
105,Nick Vannett,TE,TEN,0.0,0.0,0.0,0.0,0.0,0.0,0.0,0.0,68.9,0.6,0.0
106,Cole Turner,TE,WAS,0.0,0.0,0.0,0.0,0.0,0.0,0.0,0.0,69.2,0.6,0.0
107,Giovanni Ricci,TE,CLE,0.0,0.0,0.0,0.0,0.0,0.0,0.0,0.0,71.9,0.5,0.1
108,John Bates,TE,WAS,0.0,0.0,0.0,0.0,0.0,0.0,0.0,0.0,78.1,0.4,0.0
109,C.J. Uzomah,TE,PHI,0.0,0.0,0.0,0.0,0.0,0.0,0.0,0.0,59.1,0.7,0.0
110,Albert Okwuegbunam Jr.,TE,PHI,0.0,0.0,0.0,0.0,0.0,0.0,0.0,0.0,62.5,0.6,0.0
111,Charlie Woerner,TE,ATL,0.0,0.0,0.0,0.0,0.0,0.0,0.0,0.0,60.9,0.5,0.0
112,Lawrence Cager,TE,NYG,0.0,0.0,0.0,0.0,0.0,0.0,0.0,0.0,65.9,0.4,0.0
113,Josiah Deguara,TE,JAC,0.0,0.0,0.0,0.0,0.0,0.0,0.0,0.0,60.9,0.4,0.0
114,Hunter Long,TE,LAR,0.0,0.0,0.0,0.0,0.0,0.0,0.0,0.0,55.1,0.5,0.0
115,Ko Kieft,TE,TB,0.0,0.0,0.0,0.0,0.0,0.0,0.0,0.0,56.6,0.5,0.1
116,Kenny Yeboah,TE,NYJ,0.0,0.0,0.0,0.0,0.0,0.0,0.0,0.0,36.3,0.3,0.0
117,Mitchell Wilcox,TE,NE,0.0,0.0,0.0,0.0,0.0,0.0,0.0,0.0,35.0,0.2,0.0
118,Charlie Kolar,TE,BAL,0.0,0.0,0.0,0.0,0.0,0.0,0.0,0.0,34.6,0.1,0.0
119,Dalton Keene,TE,HOU,0.0,0.0,0.0,0.0,0.0,0.0,0.0,0.0,21.1,0.2,0.0
120,Tre' McKitty,TE,BUF,0.0,0.0,0.0,0.0,0.0,0.0,0.0,0.0,20.7,0.2,0.0
121,Shane Zylstra,TE,DET,0.0,0.0,0.0,0.0,0.0,0.0,0.0,0.0,20.0,0.2,0.0
122,Tyler Davis,TE,GB,0.0,0.0,0.0,0.0,0.0,0.0,0.0,0.0,20.0,0.2,0.0
123,Jody Fortson Jr.,TE,MIA,0.0,0.0,0.0,0.0,0.0,0.0,0.0,0.0,19.7,0.2,0.0
124,Tommy Hudson,TE,NO,0.0,0.0,0.0,0.0,0.0,0.0,0.0,0.0,19.4,0.2,0.0
125,Julian Hill,TE,MIA,0.0,0.0,0.0,0.0,0.0,0.0,0.0,0.0,19.1,0.2,0.0
126,Stephen Carlson,TE,CHI,0.0,0.0,0.0,0.0,0.0,0.0,0.0,0.0,19.1,0.2,0.0
127,Brady Russell,TE,SEA,0.0,0.0,0.0,0.0,0.0,0.0,0.0,0.0,19.0,0.2,0.0
128,Zack Kuntz,TE,NYJ,0.0,0.0,0.0,0.0,0.0,0.0,0.0,0.0,17.8,0.2,0.0
129,Eric Tomlinson,TE,IND,0.0,0.0,0.0,0.0,0.0,0.0,0.0,0.0,17.7,0.2,0.0
130,Cole Fotheringham,TE,LV,0.0,0.0,0.0,0.0,0.0,0.0,0.0,0.0,17.4,0.2,0.0
131,Zach Gentry,TE,LV,0.0,0.0,0.0,0.0,0.0,0.0,0.0,0.0,16.5,0.2,0.0
132,Rodney Williams,TE,PIT,0.0,0.0,0.0,0.0,0.0,0.0,0.0,0.0,15.8,0.2,0.0
133,Nate Adkins,TE,DEN,0.0,0.0,0.0,0.0,0.0,0.0,0.0,0.0,15.8,0.2,0.0
134,Chris Manhertz,TE,NYG,0.0,0.0,0.0,0.0,0.0,0.0,0.0,0.0,16.7,0.1,0.0
